fecha,game_id,liga,local,visita,goles_local,goles_visita,xg_local,xg_visita,npxg_local,npxg_visita,tiros_local,tiros_visita,sot_local,sot_visita,cuota_h,cuota_d,cuota_a
2023-08-11,22275,premier,Burnley,Man City,0,3,0.311032,2.40074,0.311032,2.40074,6,17,1,8,8.0,5.5,1.33
2023-08-12,22276,premier,Arsenal,Nott'm Forest,2,1,0.84262,0.966305,0.84262,0.966305,15,6,7,2,1.18,7.0,15.0
2023-08-12,22277,premier,Bournemouth,West Ham,1,1,1.51025,1.4834,1.51025,1.4834,14,16,5,3,2.7,3.4,2.55
2023-08-12,22278,premier,Brighton,Luton,4,1,4.36748,1.88594,3.60631,1.12477,27,9,12,3,1.33,5.5,9.0
2023-08-12,22279,premier,Everton,Fulham,0,1,2.59001,1.58144,2.59001,1.58144,19,9,9,2,2.2,3.4,3.3
2023-08-12,22281,premier,Newcastle,Aston Villa,5,1,4.32208,1.486,4.32208,1.486,17,16,13,6,1.75,3.75,4.6
2023-08-12,22280,premier,Sheffield United,Crystal Palace,0,1,0.422704,2.27616,0.422704,2.27616,8,24,1,8,3.0,3.3,2.38
2023-08-13,22282,premier,Brentford,Tottenham,2,2,1.90756,1.45316,1.1464,1.45316,11,18,6,6,2.75,3.4,2.45
2023-08-13,22283,premier,Chelsea,Liverpool,1,1,1.93258,1.29994,1.93258,1.29994,10,13,4,1,2.9,3.4,2.38
2023-08-14,22284,premier,Man United,Wolves,1,0,1.97087,1.72228,1.97087,1.72228,15,23,3,6,1.33,5.5,9.0
2023-08-18,22285,premier,Nott'm Forest,Sheffield United,2,1,1.37181,0.551038,1.37181,0.551038,16,7,4,3,1.95,3.4,4.0
2023-08-19,22287,premier,Fulham,Brentford,0,3,0.399899,3.46888,0.399899,2.70772,10,17,2,8,2.7,3.3,2.63
2023-08-19,22288,premier,Liverpool,Bournemouth,3,1,3.25448,1.3867,2.33406,1.3867,26,13,10,5,1.2,7.0,13.0
2023-08-19,22291,premier,Man City,Newcastle,1,0,1.22528,0.257154,1.22528,0.257154,14,7,4,1,1.67,4.0,5.0
2023-08-19,22290,premier,Tottenham,Man United,2,0,2.53904,2.44604,2.53904,2.44604,17,22,6,6,2.8,3.6,2.38
2023-08-19,22286,premier,Wolves,Brighton,1,4,2.68821,3.15562,2.68821,3.15562,16,16,5,8,4.0,3.8,1.85
2023-08-20,22292,premier,Aston Villa,Everton,4,0,3.24336,0.721465,2.48219,0.721465,13,9,7,2,1.7,4.0,4.5
2023-08-20,22293,premier,West Ham,Chelsea,3,1,1.71234,1.60916,0.951168,0.847993,12,17,6,4,3.75,3.5,2.0
2023-08-21,22294,premier,Crystal Palace,Arsenal,0,1,1.06916,2.20593,1.06916,1.4448,14,14,2,3,5.5,4.0,1.6
2023-08-25,22295,premier,Chelsea,Luton,3,0,3.41419,0.465741,3.41419,0.465741,19,11,8,1,1.29,5.5,11.0
2023-08-26,22297,premier,Arsenal,Fulham,2,2,3.23088,0.849817,2.46971,0.849817,19,8,11,3,1.2,7.0,13.0
2023-08-26,22296,premier,Bournemouth,Tottenham,0,2,0.483582,2.26115,0.483582,2.26115,11,17,3,6,3.8,3.75,1.91
2023-08-26,22298,premier,Brentford,Crystal Palace,1,1,0.948011,1.06061,0.948011,1.06061,12,15,1,5,2.15,3.4,3.5
2023-08-26,22301,premier,Brighton,West Ham,1,3,1.3743,2.9527,1.3743,2.9527,25,12,10,3,1.53,4.75,5.25
2023-08-26,22299,premier,Everton,Wolves,0,1,1.89792,1.40228,1.89792,1.40228,15,11,7,2,2.3,3.3,3.2
2023-08-26,22300,premier,Man United,Nott'm Forest,3,2,3.02803,0.960354,2.26686,0.960354,18,9,9,4,1.3,6.0,8.0
2023-08-27,22302,premier,Burnley,Aston Villa,1,3,0.630605,2.83691,0.630605,2.83691,9,16,2,6,3.4,3.4,2.15
2023-08-27,22304,premier,Newcastle,Liverpool,1,2,1.62037,0.856121,1.62037,0.856121,23,9,8,4,2.2,3.75,3.0
2023-08-27,22303,premier,Sheffield United,Man City,1,2,0.762232,3.84804,0.762232,3.08687,6,30,2,9,13.0,8.0,1.17
2023-09-01,21925,premier,Luton,West Ham,1,2,2.02244,1.22528,2.02244,1.22528,16,9,1,3,4.75,3.8,1.73
2023-09-02,21928,premier,Brentford,Bournemouth,2,2,3.07185,2.11013,3.07185,2.11013,21,12,7,5,1.73,3.8,4.75
2023-09-02,21931,premier,Brighton,Newcastle,3,1,1.32258,0.90476,1.32258,0.90476,15,9,6,2,2.5,3.8,2.55
2023-09-02,21929,premier,Burnley,Tottenham,2,5,1.66604,2.39785,1.66604,2.39785,16,20,4,10,3.6,4.0,1.85
2023-09-02,21930,premier,Chelsea,Nott'm Forest,0,1,2.28442,1.1505,2.28442,1.1505,21,7,2,3,1.4,4.5,8.5
2023-09-02,21927,premier,Man City,Fulham,5,1,2.00152,1.46427,1.24035,1.46427,7,6,5,4,1.17,8.0,15.0
2023-09-02,21926,premier,Sheffield United,Everton,2,2,1.575,2.73871,1.575,2.73871,13,16,8,6,2.9,3.25,2.5
2023-09-03,21934,premier,Arsenal,Man United,3,1,1.90973,0.966109,1.90973,0.966109,17,10,5,2,1.75,3.8,4.5
2023-09-03,21932,premier,Crystal Palace,Wolves,3,2,2.32935,1.13911,2.32935,1.13911,16,12,11,4,1.91,3.3,4.33
2023-09-03,21933,premier,Liverpool,Aston Villa,3,0,2.73138,0.615503,2.73138,0.615503,17,9,4,3,1.65,4.5,4.5
2023-09-16,21938,premier,Aston Villa,Crystal Palace,3,1,2.31518,1.11696,1.55401,1.11696,16,6,5,3,1.91,3.6,4.0
2023-09-16,21939,premier,Fulham,Luton,1,0,1.75704,1.45705,1.75704,1.45705,13,7,2,2,1.67,3.75,5.5
2023-09-16,21940,premier,Man United,Brighton,1,3,0.719951,1.93908,0.719951,1.93908,14,10,4,8,2.15,4.0,2.88
2023-09-16,21943,premier,Newcastle,Brentford,1,0,1.50126,0.633678,0.740091,0.633678,9,11,2,2,1.53,4.2,6.0
2023-09-16,21936,premier,Tottenham,Sheffield United,2,1,2.15909,0.790655,2.15909,0.790655,28,7,10,5,1.29,5.5,11.0
2023-09-16,21937,premier,West Ham,Man City,1,3,0.895632,4.15046,0.895632,4.15046,6,29,3,15,7.0,4.5,1.45
2023-09-16,21935,premier,Wolves,Liverpool,1,3,0.538833,2.82701,0.538833,2.82701,11,16,2,6,6.0,5.0,1.45
2023-09-17,21942,premier,Bournemouth,Chelsea,0,0,1.32515,1.39677,1.32515,1.39677,13,14,4,6,4.33,3.75,1.8
2023-09-17,21941,premier,Everton,Arsenal,0,1,0.28317,0.802605,0.28317,0.802605,8,13,1,4,6.0,4.5,1.5
2023-09-18,21944,premier,Nott'm Forest,Burnley,1,1,0.705795,0.807651,0.705795,0.807651,14,10,4,3,2.2,3.5,3.25
2023-09-23,21949,premier,Brentford,Everton,1,3,1.57402,2.51497,1.57402,2.51497,12,18,2,6,1.8,3.8,4.2
2023-09-23,21950,premier,Burnley,Man United,0,1,0.935444,0.840273,0.935444,0.840273,12,11,4,4,4.2,4.2,1.73
2023-09-23,21948,premier,Crystal Palace,Fulham,0,0,0.37236,0.542678,0.37236,0.542678,7,10,3,5,1.91,3.4,4.2
2023-09-23,21945,premier,Luton,Wolves,1,1,2.24101,0.762984,1.47984,0.762984,20,3,4,3,3.25,3.4,2.2
2023-09-23,21946,premier,Man City,Nott'm Forest,2,0,1.33984,0.729109,1.33984,0.729109,7,10,4,3,1.14,8.5,15.0
2023-09-24,21952,premier,Arsenal,Tottenham,2,2,2.3429,2.21166,1.58173,2.21166,13,13,6,5,1.67,4.33,4.33
2023-09-24,21951,premier,Brighton,Bournemouth,3,1,2.14533,1.58984,2.14533,1.58984,13,12,4,4,1.36,5.25,7.5
2023-09-24,21947,premier,Chelsea,Aston Villa,0,1,1.19716,1.13479,1.19716,1.13479,10,15,4,7,1.91,3.75,3.8
2023-09-24,21953,premier,Liverpool,West Ham,3,1,4.14262,1.53878,3.38145,1.53878,22,11,7,4,1.4,5.0,7.0
2023-09-24,21954,premier,Sheffield United,Newcastle,0,8,0.579392,5.1082,0.579392,5.1082,9,22,1,15,7.0,4.75,1.44
2023-09-30,21955,premier,Aston Villa,Brighton,6,1,1.90746,1.72819,1.90746,1.72819,19,11,9,3,2.55,3.75,2.55
2023-09-30,21959,premier,Bournemouth,Arsenal,0,4,0.644443,4.0742,0.644443,2.55187,8,15,1,8,5.5,4.5,1.53
2023-09-30,21956,premier,Everton,Luton,1,2,3.65377,1.5102,3.65377,1.5102,23,9,5,2,1.57,3.8,6.5
2023-09-30,21957,premier,Man United,Crystal Palace,0,1,1.55408,1.19015,1.55408,1.19015,19,8,4,2,1.55,4.2,5.75
2023-09-30,21958,premier,Newcastle,Burnley,2,0,3.08516,0.801849,2.32399,0.801849,20,8,8,2,1.3,5.75,9.0
2023-09-30,21962,premier,Tottenham,Liverpool,2,1,2.18823,1.12299,2.18823,1.12299,24,12,8,4,2.9,4.0,2.15
2023-09-30,21960,premier,West Ham,Sheffield United,2,0,3.19753,0.911997,3.19753,0.911997,20,16,9,2,1.45,4.5,7.0
2023-09-30,21961,premier,Wolves,Man City,2,1,0.673985,0.98075,0.673985,0.98075,3,23,1,8,8.0,5.75,1.33
2023-10-01,21963,premier,Nott'm Forest,Brentford,1,1,0.800317,1.75862,0.800317,1.75862,6,18,1,5,2.75,3.1,2.7
2023-10-02,21964,premier,Fulham,Chelsea,0,2,0.889383,1.98461,0.889383,1.98461,10,11,3,4,3.6,3.5,2.05
2023-10-03,22289,premier,Luton,Burnley,1,2,1.53058,0.920206,1.53058,0.920206,18,14,3,4,2.9,3.0,2.63
2023-10-07,21967,premier,Burnley,Chelsea,1,4,0.956642,1.97566,0.956642,1.2145,10,9,3,5,4.5,3.8,1.73
2023-10-07,21968,premier,Crystal Palace,Nott'm Forest,0,0,0.982452,1.22105,0.982452,1.22105,8,16,2,5,2.2,3.1,3.6
2023-10-07,21969,premier,Everton,Bournemouth,3,0,3.16482,0.981732,3.16482,0.981732,25,11,8,4,1.91,3.6,3.8
2023-10-07,21970,premier,Fulham,Sheffield United,3,1,2.26612,0.251809,2.26612,0.251809,20,5,6,2,1.62,3.8,6.0
2023-10-07,21971,premier,Luton,Tottenham,0,1,0.848118,2.37947,0.848118,2.37947,12,15,2,4,6.0,4.75,1.45
2023-10-07,21972,premier,Man United,Brentford,2,1,1.29356,1.02509,1.29356,1.02509,21,11,8,3,1.67,4.2,4.75
2023-10-08,21965,premier,Arsenal,Man City,1,0,0.386558,0.858071,0.386558,0.858071,12,4,2,1,2.9,3.3,2.4
2023-10-08,21966,premier,Brighton,Liverpool,2,2,2.23187,2.51029,2.23187,1.74913,14,14,3,4,3.0,3.8,2.2
2023-10-08,21973,premier,West Ham,Newcastle,2,2,0.931345,1.97865,0.931345,1.97865,5,10,3,3,3.2,3.75,2.1
2023-10-08,21974,premier,Wolves,Aston Villa,1,1,1.76232,1.81618,1.76232,1.81618,8,18,3,4,3.5,3.4,2.1
2023-10-21,21975,premier,Bournemouth,Wolves,1,2,1.01839,2.30454,1.01839,2.30454,7,20,4,7,2.38,3.4,3.0
2023-10-21,21977,premier,Brentford,Burnley,3,0,3.15685,0.693129,3.15685,0.693129,23,6,10,1,1.83,3.75,4.2
2023-10-21,21978,premier,Chelsea,Arsenal,2,2,1.71838,1.05791,0.957211,1.05791,11,13,5,3,3.2,3.4,2.25
2023-10-21,21979,premier,Liverpool,Everton,2,0,2.28568,0.0937725,1.52459,0.0937725,26,6,6,1,1.33,5.75,7.5
2023-10-21,21980,premier,Man City,Brighton,2,1,0.962509,0.963733,0.962509,0.963733,10,5,6,3,1.4,5.25,6.5
2023-10-21,21981,premier,Newcastle,Crystal Palace,4,0,3.73336,1.08795,3.73336,1.08795,10,17,7,3,1.45,4.5,7.0
2023-10-21,21982,premier,Nott'm Forest,Luton,2,2,3.27549,1.49555,3.27549,1.49555,19,13,8,4,1.67,3.75,5.5
2023-10-21,21983,premier,Sheffield United,Man United,1,2,1.41074,1.46187,0.649567,1.46187,12,14,6,5,6.5,5.25,1.4
2023-10-22,21976,premier,Aston Villa,West Ham,4,1,2.34143,0.659622,1.58026,0.659622,15,14,7,4,1.85,3.6,4.0
2023-10-23,21984,premier,Tottenham,Fulham,2,0,1.63523,0.745838,1.63523,0.745838,15,10,5,3,1.5,4.5,6.0
2023-10-27,21990,premier,Crystal Palace,Tottenham,1,2,0.561834,0.989103,0.561834,0.989103,13,10,3,1,4.5,3.75,1.75
2023-10-28,21986,premier,Arsenal,Sheffield United,5,0,3.03496,0.0281554,2.27379,0.0281554,13,2,8,0,1.13,8.5,19.0
2023-10-28,21985,premier,Bournemouth,Burnley,2,1,1.10052,0.90255,1.10052,0.90255,13,6,6,3,2.15,3.5,3.3
2023-10-28,21989,premier,Chelsea,Brentford,0,2,1.71801,2.48137,1.71801,2.48137,17,7,2,5,1.65,4.0,5.25
2023-10-28,21994,premier,Wolves,Newcastle,2,2,0.863393,2.31987,0.863393,1.5587,11,13,6,5,4.2,4.0,1.75
2023-10-29,21987,premier,Aston Villa,Luton,3,1,3.07654,0.453117,3.07654,0.453117,17,7,6,1,1.25,6.5,9.5
2023-10-29,21988,premier,Brighton,Fulham,1,1,1.31996,0.552523,1.31996,0.552523,18,10,7,5,1.55,4.2,5.5
2023-10-29,21991,premier,Liverpool,Nott'm Forest,3,0,2.70428,0.642014,2.70428,0.642014,21,9,8,1,1.29,5.75,11.0
2023-10-29,21992,premier,Man United,Man City,0,3,0.714628,4.54595,0.714628,3.78478,7,21,3,10,5.0,3.8,1.67
2023-10-29,21993,premier,West Ham,Everton,0,1,0.618578,0.733813,0.618578,0.733813,12,10,2,4,2.15,3.5,3.3
2023-11-04,21995,premier,Brentford,West Ham,3,2,1.82944,1.75505,1.82944,1.75505,16,12,4,2,2.05,3.6,3.5
2023-11-04,21996,premier,Burnley,Crystal Palace,0,2,1.4998,1.43653,1.4998,1.43653,17,4,5,3,2.75,3.25,2.6
2023-11-04,21997,premier,Everton,Brighton,1,1,0.617607,0.442489,0.617607,0.442489,10,7,4,2,3.1,3.6,2.2
2023-11-04,21998,premier,Fulham,Man United,0,1,1.18241,0.697095,1.18241,0.697095,18,12,3,5,3.2,3.6,2.2
2023-11-04,22000,premier,Man City,Bournemouth,6,1,2.39949,0.643127,2.39949,0.643127,21,5,8,1,1.1,11.0,19.0
2023-11-04,22001,premier,Newcastle,Arsenal,1,0,1.12355,0.535473,1.12355,0.535473,9,14,2,1,2.8,3.2,2.6
2023-11-04,22003,premier,Sheffield United,Wolves,2,1,1.10165,1.14803,0.340518,1.14803,11,10,2,3,3.8,3.5,2.0
2023-11-05,21999,premier,Luton,Liverpool,1,1,1.3411,3.03925,1.3411,3.03925,8,24,5,6,12.0,6.5,1.22
2023-11-05,22002,premier,Nott'm Forest,Aston Villa,2,0,0.592447,1.33116,0.592447,1.33116,5,13,3,3,4.2,3.75,1.85
2023-11-06,22004,premier,Tottenham,Chelsea,1,4,0.959108,4.05865,0.959108,3.29749,8,17,5,8,2.0,3.75,3.5
2023-11-11,22006,premier,Arsenal,Burnley,3,1,2.63194,0.327706,2.63194,0.327706,16,8,6,5,1.18,7.0,17.0
2023-11-11,22005,premier,Bournemouth,Newcastle,2,0,2.78424,0.306141,2.78424,0.306141,19,8,10,5,4.75,4.0,1.73
2023-11-11,22010,premier,Crystal Palace,Everton,2,3,1.89194,1.7904,1.13077,1.7904,13,8,4,4,2.45,3.2,3.0
2023-11-11,22012,premier,Man United,Luton,1,0,2.74105,0.408265,2.74105,0.408265,15,10,4,4,1.33,5.25,9.5
2023-11-11,22014,premier,Wolves,Tottenham,2,1,1.90884,0.432315,1.90884,0.432315,17,6,4,2,3.1,3.75,2.2
2023-11-12,22007,premier,Aston Villa,Fulham,3,1,2.86039,0.648745,2.86039,0.648745,12,9,6,5,1.57,4.2,5.5
2023-11-12,22008,premier,Brighton,Sheffield United,1,1,1.08601,0.84434,1.08601,0.84434,11,9,6,1,1.25,5.75,13.0
2023-11-12,22009,premier,Chelsea,Man City,4,4,3.47238,3.19324,2.71121,2.43208,17,15,9,10,5.0,3.7,1.73
2023-11-12,22011,premier,Liverpool,Brentford,3,0,1.56004,1.44954,1.56004,1.44954,17,16,10,3,1.4,5.0,6.5
2023-11-12,22013,premier,West Ham,Nott'm Forest,3,2,2.06402,1.42128,2.06402,1.42128,16,10,6,5,1.85,3.6,4.0
2023-11-25,22015,premier,Brentford,Arsenal,0,1,1.66315,1.82699,1.66315,1.82699,9,15,3,4,4.5,3.75,1.75
2023-11-25,22016,premier,Burnley,West Ham,1,2,1.44228,1.36963,0.681108,1.36963,11,11,5,3,3.4,3.5,2.05
2023-11-25,22019,premier,Luton,Crystal Palace,2,1,0.996153,1.83546,0.996153,1.83546,8,16,3,8,3.6,3.3,2.1
2023-11-25,22020,premier,Man City,Liverpool,1,1,1.79622,0.766278,1.79622,0.766278,16,8,5,3,1.73,4.2,4.2
2023-11-25,22021,premier,Newcastle,Chelsea,4,1,2.15227,0.968061,2.15227,0.968061,14,7,5,4,2.55,3.5,2.63
2023-11-25,22022,premier,Nott'm Forest,Brighton,2,3,2.22655,1.21792,1.46538,0.456822,18,11,5,5,3.2,3.6,2.15
2023-11-25,22023,premier,Sheffield United,Bournemouth,1,3,0.816227,3.13975,0.816227,3.13975,10,23,2,11,3.2,3.5,2.2
2023-11-26,22017,premier,Everton,Man United,0,3,2.49764,2.07334,2.49764,1.31218,24,9,6,4,2.7,3.4,2.55
2023-11-26,22024,premier,Tottenham,Aston Villa,1,2,2.22542,2.39755,2.22542,2.39755,18,15,8,5,2.3,3.8,2.8
2023-11-27,22018,premier,Fulham,Wolves,3,2,2.49057,1.57875,0.968233,0.817578,12,10,6,6,2.38,3.3,3.0
2023-12-02,22026,premier,Arsenal,Wolves,2,1,3.30368,1.07886,3.30368,1.07886,19,6,6,3,1.25,5.5,12.0
2023-12-02,22027,premier,Brentford,Luton,3,1,3.25952,0.227176,3.25952,0.227176,27,7,6,1,1.45,4.5,6.5
2023-12-02,22028,premier,Burnley,Sheffield United,5,0,2.60469,0.618131,2.60469,0.618131,19,6,7,3,1.8,3.6,4.5
2023-12-02,22032,premier,Newcastle,Man United,1,0,2.90191,0.422674,2.90191,0.422674,22,8,4,1,1.91,3.75,3.8
2023-12-02,22033,premier,Nott'm Forest,Everton,0,1,0.673085,0.623789,0.673085,0.623789,13,12,2,3,2.75,3.25,2.6
2023-12-03,22025,premier,Bournemouth,Aston Villa,2,2,2.54937,0.89511,2.54937,0.89511,15,11,7,3,3.4,4.0,1.95
2023-12-03,22029,premier,Chelsea,Brighton,3,2,1.66304,0.855058,0.901874,0.855058,8,18,5,9,1.73,4.2,4.2
2023-12-03,22030,premier,Liverpool,Fulham,4,3,2.72831,1.51005,2.72831,1.51005,26,9,12,5,1.25,6.5,9.0
2023-12-03,22031,premier,Man City,Tottenham,3,3,2.90729,0.433077,2.90729,0.433077,18,8,4,4,1.29,6.0,9.0
2023-12-03,22034,premier,West Ham,Crystal Palace,1,1,1.1466,0.987682,1.1466,0.987682,9,9,3,2,2.0,3.5,3.8
2023-12-05,22039,premier,Luton,Arsenal,3,4,0.526254,2.58815,0.526254,2.58815,6,23,4,9,17.0,7.0,1.18
2023-12-05,22042,premier,Wolves,Burnley,1,0,1.11886,0.781542,1.11886,0.781542,7,12,4,3,1.85,3.6,4.2
2023-12-06,22035,premier,Aston Villa,Man City,1,0,2.1922,1.00198,2.1922,1.00198,22,2,7,2,4.75,4.2,1.7
2023-12-06,22036,premier,Brighton,Brentford,2,1,1.54099,1.22007,1.54099,0.458899,18,8,7,2,1.91,3.8,3.75
2023-12-06,22043,premier,Crystal Palace,Bournemouth,0,2,1.26441,1.79997,1.26441,1.79997,16,11,3,4,2.25,3.5,3.1
2023-12-06,22038,premier,Fulham,Nott'm Forest,5,0,3.09427,0.218659,3.09427,0.218659,14,4,6,1,2.0,3.4,3.75
2023-12-06,22044,premier,Man United,Chelsea,2,1,4.03949,2.3512,3.26308,2.3512,28,13,9,3,2.88,3.4,2.45
2023-12-06,22040,premier,Sheffield United,Liverpool,0,2,0.834172,1.80116,0.834172,1.80116,6,15,1,8,12.0,7.5,1.2
2023-12-07,22037,premier,Everton,Newcastle,3,0,2.95393,1.29564,2.95393,1.29564,21,13,6,3,3.25,3.25,2.25
2023-12-07,22041,premier,Tottenham,West Ham,1,2,1.61268,1.7409,1.61268,1.7409,23,11,7,5,1.75,4.2,4.2
2023-12-09,22045,premier,Aston Villa,Arsenal,1,0,0.628499,1.71667,0.628499,1.71667,10,12,3,5,3.3,3.6,2.1
2023-12-09,22046,premier,Brighton,Burnley,1,1,2.96247,1.05162,2.96247,1.05162,29,6,11,3,1.5,4.75,6.0
2023-12-09,22047,premier,Crystal Palace,Liverpool,1,2,1.79152,1.3708,1.03036,1.3708,8,14,4,2,6.0,4.5,1.5
2023-12-09,22051,premier,Man United,Bournemouth,0,3,1.11296,1.9742,1.11296,1.9742,20,10,3,4,1.55,4.33,5.75
2023-12-09,22052,premier,Sheffield United,Brentford,1,0,0.841976,0.644638,0.841976,0.644638,9,10,4,4,4.2,3.8,1.75
2023-12-09,22054,premier,Wolves,Nott'm Forest,1,1,1.02199,1.21801,1.02199,1.21801,10,8,4,2,1.85,3.6,4.33
2023-12-10,22048,premier,Everton,Chelsea,2,0,1.11437,0.885512,1.11437,0.885512,9,16,5,4,3.1,3.5,2.25
2023-12-10,22049,premier,Fulham,West Ham,5,0,2.1884,0.983,2.1884,0.983,14,9,8,5,2.38,3.5,2.9
2023-12-10,22050,premier,Luton,Man City,1,2,0.689037,2.23353,0.689037,2.23353,4,18,2,6,17.0,8.0,1.14
2023-12-10,22053,premier,Tottenham,Newcastle,4,1,4.40118,1.61368,3.64001,1.61368,23,9,12,3,2.15,3.8,3.1
2023-12-15,22063,premier,Nott'm Forest,Tottenham,0,2,1.70569,1.60738,1.70569,1.60738,15,12,1,6,4.2,4.2,1.73
2023-12-16,22058,premier,Burnley,Everton,0,2,0.811435,2.22305,0.811435,2.22305,14,9,2,6,3.6,3.4,2.1
2023-12-16,22059,premier,Chelsea,Sheffield United,2,0,3.27322,0.44014,3.27322,0.44014,15,6,6,1,1.22,6.5,13.0
2023-12-16,22061,premier,Man City,Crystal Palace,2,2,2.41646,1.64977,2.41646,0.888604,19,5,9,2,1.18,8.0,13.0
2023-12-16,22062,premier,Newcastle,Fulham,3,0,4.27933,0.471042,4.27933,0.471042,27,6,10,4,1.8,3.8,4.0
2023-12-17,22056,premier,Arsenal,Brighton,2,0,2.76976,0.663054,2.76976,0.663054,26,6,9,1,1.44,5.0,6.0
2023-12-17,22057,premier,Brentford,Aston Villa,1,2,0.796812,1.4664,0.796812,1.4664,4,15,3,5,3.2,3.75,2.1
2023-12-17,22060,premier,Liverpool,Man United,0,0,1.97111,0.632715,1.97111,0.632715,34,6,8,1,1.3,6.0,8.0
2023-12-17,22064,premier,West Ham,Wolves,3,0,1.03828,0.556206,1.03828,0.556206,13,14,4,3,2.15,3.5,3.3
2023-12-21,22066,premier,Crystal Palace,Brighton,1,1,1.65409,1.33653,1.65409,1.33653,11,18,3,6,3.3,3.3,2.15
2023-12-22,22065,premier,Aston Villa,Sheffield United,1,1,1.21861,0.646159,1.21861,0.646159,12,5,4,2,1.22,6.5,12.0
2023-12-23,22067,premier,Fulham,Burnley,0,2,1.38096,0.41714,1.38096,0.41714,19,7,5,2,1.67,3.75,5.25
2023-12-23,22068,premier,Liverpool,Arsenal,1,1,0.982901,0.851681,0.982901,0.851681,13,13,3,2,2.38,3.6,2.8
2023-12-23,22069,premier,Luton,Newcastle,1,0,1.81844,1.41488,1.81844,1.41488,16,15,5,2,4.75,4.2,1.65
2023-12-23,22070,premier,Nott'm Forest,Bournemouth,2,3,0.791806,1.89067,0.791806,1.89067,11,18,5,7,2.75,3.4,2.55
2023-12-23,22071,premier,Tottenham,Everton,2,1,1.57527,1.98385,1.57527,1.98385,13,18,6,8,1.75,4.2,4.0
2023-12-23,22072,premier,West Ham,Man United,2,0,1.51468,0.730496,1.51468,0.730496,12,11,5,3,2.6,3.6,2.6
2023-12-24,22073,premier,Wolves,Chelsea,2,1,1.74626,1.75447,1.74626,1.75447,14,16,6,5,3.75,3.75,1.91
2023-12-26,22075,premier,Bournemouth,Fulham,3,0,2.07911,0.324365,1.31795,0.324365,16,8,4,3,2.15,3.6,3.2
2023-12-26,22079,premier,Burnley,Liverpool,0,2,0.972389,1.68451,0.972389,1.68451,9,19,0,10,6.5,5.25,1.4
2023-12-26,22082,premier,Man United,Aston Villa,3,2,1.20104,1.83637,1.20104,1.83637,13,10,7,4,2.6,3.5,2.6
2023-12-26,22083,premier,Newcastle,Nott'm Forest,1,3,2.79106,3.1074,2.02989,3.1074,19,15,7,6,1.5,4.33,5.75
2023-12-26,22084,premier,Sheffield United,Luton,2,3,3.61788,0.715575,3.61788,0.715575,21,12,6,4,2.3,3.3,3.1
2023-12-27,22077,premier,Brentford,Wolves,1,4,2.59347,1.89483,2.59347,1.89483,14,11,4,5,1.95,3.5,4.2
2023-12-27,22080,premier,Chelsea,Crystal Palace,2,1,2.73005,0.958077,1.96888,0.958077,9,13,4,5,1.67,4.0,5.0
2023-12-27,22081,premier,Everton,Man City,1,3,1.23529,2.28321,1.23529,1.52204,7,23,2,9,5.75,4.0,1.57
2023-12-28,22076,premier,Arsenal,West Ham,0,2,2.7884,1.59711,2.7884,0.835941,30,6,8,3,1.33,5.5,7.5
2023-12-28,22078,premier,Brighton,Tottenham,4,2,3.84702,2.06955,2.32468,2.06955,15,19,9,3,2.5,3.6,2.6
2023-12-30,22085,premier,Aston Villa,Burnley,3,2,2.92587,1.11923,2.1647,1.11923,19,9,7,5,1.36,5.25,7.5
2023-12-30,22086,premier,Crystal Palace,Brentford,3,1,1.61057,1.28731,1.61057,1.28731,13,9,6,4,2.2,3.3,3.4
2023-12-30,22089,premier,Luton,Chelsea,2,3,2.64093,1.57463,2.64093,1.57463,15,12,6,8,6.5,4.2,1.5
2023-12-30,22090,premier,Man City,Sheffield United,2,0,2.24229,0.263211,2.24229,0.263211,18,4,4,2,1.08,11.0,29.0
2023-12-30,22091,premier,Nott'm Forest,Man United,2,1,0.744348,0.651905,0.744348,0.651905,8,10,2,5,3.2,3.6,2.15
2023-12-30,22094,premier,Wolves,Everton,3,0,2.64477,0.519641,2.64477,0.519641,12,10,6,0,2.63,3.3,2.7
2023-12-31,22087,premier,Fulham,Arsenal,2,1,1.52829,1.6591,1.52829,1.6591,15,13,4,3,5.25,4.5,1.55
2023-12-31,22092,premier,Tottenham,Bournemouth,3,1,2.15027,1.58229,2.15027,1.58229,12,24,6,4,1.75,4.2,4.0
2024-01-01,22088,premier,Liverpool,Newcastle,4,2,6.67151,0.910974,5.02355,0.910974,34,5,15,3,1.45,4.5,7.0
2024-01-02,22093,premier,West Ham,Brighton,0,0,0.9831,2.1552,0.9831,2.1552,6,22,2,8,2.45,3.75,2.75
2024-01-12,22096,premier,Burnley,Luton,1,1,1.52023,0.965167,1.52023,0.965167,13,14,7,5,2.0,3.6,3.6
2024-01-13,22097,premier,Chelsea,Fulham,1,0,2.0456,0.697847,1.28443,0.697847,17,14,3,4,1.6,4.2,5.25
2024-01-13,22100,premier,Newcastle,Man City,2,3,1.23638,2.55452,1.23638,2.55452,12,27,5,11,5.5,4.33,1.55
2024-01-14,22098,premier,Everton,Aston Villa,0,0,1.03664,1.3435,1.03664,1.3435,10,16,2,5,2.8,3.5,2.45
2024-01-14,22099,premier,Man United,Tottenham,2,2,0.923233,1.31224,0.923233,1.31224,9,16,2,6,2.2,3.75,3.0
2024-01-20,22103,premier,Arsenal,Crystal Palace,5,0,3.52167,0.288083,3.52167,0.288083,21,12,6,5,1.3,5.75,9.0
2024-01-20,22104,premier,Brentford,Nott'm Forest,3,2,1.94219,1.22251,1.94219,1.22251,11,12,5,3,1.91,3.6,4.0
2024-01-21,22102,premier,Bournemouth,Liverpool,0,4,0.834585,1.53344,0.834585,1.53344,11,14,1,7,4.2,4.5,1.7
2024-01-21,22101,premier,Sheffield United,West Ham,2,2,2.61362,2.4241,1.85245,1.66293,21,16,6,5,3.4,3.3,2.2
2024-01-22,22095,premier,Brighton,Wolves,0,0,1.3701,1.14116,1.3701,1.14116,11,8,4,3,1.65,4.33,5.0
2024-01-30,22105,premier,Aston Villa,Newcastle,1,3,1.44485,3.3224,1.44485,3.3224,12,14,6,5,1.85,4.0,3.8
2024-01-30,22112,premier,Crystal Palace,Sheffield United,3,2,1.1601,0.768467,1.1601,0.768467,12,9,4,5,1.62,3.6,6.5
2024-01-30,22106,premier,Fulham,Everton,0,0,2.37499,2.83317,2.37499,2.83317,25,21,6,4,2.45,3.2,3.0
2024-01-30,22107,premier,Luton,Brighton,4,0,3.63312,1.01366,3.63312,1.01366,18,9,8,2,4.2,4.2,1.75
2024-01-30,22108,premier,Nott'm Forest,Arsenal,1,2,0.631618,1.39143,0.631618,1.39143,9,19,3,3,7.5,5.0,1.4
2024-01-31,22113,premier,Liverpool,Chelsea,4,1,3.6627,0.477972,2.90153,0.477972,28,4,13,3,1.57,4.33,5.25
2024-01-31,22114,premier,Man City,Burnley,3,1,1.84756,1.49114,1.84756,1.49114,14,8,4,3,1.08,12.0,21.0
2024-01-31,22109,premier,Tottenham,Brentford,3,2,3.36194,1.59637,3.36194,1.59637,19,9,5,5,1.67,4.2,4.75
2024-02-01,22110,premier,West Ham,Bournemouth,1,1,1.3128,1.13487,0.551632,1.13487,9,9,3,4,2.4,3.75,2.75
2024-02-01,22111,premier,Wolves,Man United,3,4,2.27609,3.22698,1.51492,3.22698,16,21,7,8,2.63,3.6,2.55
2024-02-03,22118,premier,Brighton,Crystal Palace,4,1,1.92591,0.241137,1.92591,0.241137,13,7,6,5,1.7,4.0,4.75
2024-02-03,22119,premier,Burnley,Fulham,2,2,1.00428,1.28806,1.00428,1.28806,12,15,4,7,2.9,3.4,2.38
2024-02-03,22121,premier,Everton,Tottenham,2,2,3.25881,0.922371,3.25881,0.922371,14,9,5,6,3.0,3.6,2.25
2024-02-03,22123,premier,Newcastle,Luton,4,4,2.37353,2.67463,2.37353,1.91346,19,11,6,8,1.44,4.75,6.5
2024-02-03,22124,premier,Sheffield United,Aston Villa,0,5,1.52784,2.99015,1.52784,2.99015,10,14,5,10,5.25,4.2,1.62
2024-02-04,22116,premier,Arsenal,Liverpool,3,1,2.8526,0.542052,2.8526,0.542052,15,10,7,1,2.2,3.6,3.1
2024-02-04,22115,premier,Bournemouth,Nott'm Forest,1,1,1.1895,0.456548,1.1895,0.456548,9,8,2,6,1.7,4.2,4.5
2024-02-04,22120,premier,Chelsea,Wolves,2,4,2.35967,2.48996,2.35967,1.72879,15,14,6,7,1.62,4.0,5.5
2024-02-04,22122,premier,Man United,West Ham,3,0,0.96721,1.1807,0.96721,1.1807,12,22,5,3,1.62,4.2,5.0
2024-02-05,22117,premier,Brentford,Man City,1,3,0.865741,2.10785,0.865741,2.10785,9,25,3,15,7.0,4.75,1.4
2024-02-10,22127,premier,Fulham,Bournemouth,3,1,1.7456,2.60612,1.7456,2.60612,7,25,6,4,2.38,3.5,2.8
2024-02-10,22128,premier,Liverpool,Burnley,3,1,3.14734,1.11123,3.14734,1.11123,25,9,10,4,1.17,8.0,17.0
2024-02-10,22129,premier,Luton,Sheffield United,1,3,1.76215,1.98283,1.00099,1.22166,20,7,5,3,1.75,3.75,4.75
2024-02-10,22130,premier,Man City,Everton,2,0,1.58971,0.192072,1.58971,0.192072,19,5,3,1,1.18,8.0,13.0
2024-02-10,22131,premier,Nott'm Forest,Newcastle,2,3,0.968075,0.511375,0.968075,0.511375,13,7,3,5,3.3,3.75,2.05
2024-02-10,22132,premier,Tottenham,Brighton,2,1,2.10928,1.49285,2.10928,0.73168,16,6,6,3,1.8,4.2,3.8
2024-02-10,22134,premier,Wolves,Brentford,0,2,1.05781,1.84908,1.05781,1.84908,17,9,5,6,2.1,3.6,3.4
2024-02-11,22125,premier,Aston Villa,Man United,1,2,2.64675,2.44591,2.64675,2.44591,23,17,10,5,2.15,3.75,3.1
2024-02-11,22133,premier,West Ham,Arsenal,0,6,0.191065,3.99893,0.191065,3.23776,5,25,1,12,6.0,4.33,1.53
2024-02-12,22126,premier,Crystal Palace,Chelsea,1,3,0.719516,1.26948,0.719516,1.26948,13,14,4,5,4.2,3.8,1.85
2024-02-17,22135,premier,Brentford,Liverpool,1,4,1.69518,3.08952,1.69518,3.08952,15,15,6,8,5.5,4.33,1.57
2024-02-17,22136,premier,Burnley,Arsenal,0,5,0.335143,2.20575,0.335143,1.44458,8,16,0,7,10.0,5.75,1.29
2024-02-17,22138,premier,Fulham,Aston Villa,1,2,1.41796,1.57297,1.41796,1.57297,15,12,4,3,2.9,3.75,2.2
2024-02-17,22140,premier,Man City,Chelsea,1,1,2.77713,1.82903,2.77713,1.82903,31,9,5,6,1.33,5.5,8.0
2024-02-17,22141,premier,Newcastle,Bournemouth,2,2,2.38425,2.08098,1.62308,2.08098,17,12,5,7,1.83,4.2,3.75
2024-02-17,22142,premier,Nott'm Forest,West Ham,2,0,2.66942,0.520016,2.66942,0.520016,19,10,8,3,2.38,3.5,2.9
2024-02-17,22144,premier,Tottenham,Wolves,1,2,1.59768,1.77591,1.59768,1.77591,15,12,4,7,1.53,4.75,5.25
2024-02-18,22139,premier,Luton,Man United,1,2,1.57234,3.58973,1.57234,3.58973,22,21,4,9,4.0,4.0,1.8
2024-02-18,22143,premier,Sheffield United,Brighton,0,5,0.586214,3.35549,0.586214,3.35549,6,24,1,10,5.0,4.2,1.62
2024-02-19,22137,premier,Everton,Crystal Palace,1,1,2.44588,0.734685,2.44588,0.734685,19,10,4,4,1.7,3.6,5.25
2024-02-20,22074,premier,Man City,Brentford,1,0,2.53766,0.503799,2.53766,0.503799,25,6,11,2,1.18,8.0,13.0
2024-02-21,22151,premier,Liverpool,Luton,4,1,3.70302,0.956512,3.70302,0.956512,29,12,13,3,1.2,7.0,13.0
2024-02-24,22146,premier,Arsenal,Newcastle,4,1,2.59336,0.217373,2.59336,0.217373,18,3,8,2,1.36,5.25,8.0
2024-02-24,22147,premier,Aston Villa,Nott'm Forest,4,2,3.48861,2.25569,3.48861,2.25569,16,10,6,3,1.53,4.5,5.75
2024-02-24,22145,premier,Bournemouth,Man City,0,1,0.925889,1.79636,0.925889,1.79636,13,15,4,6,7.0,5.25,1.4
2024-02-24,22148,premier,Brighton,Everton,1,1,1.6538,0.286655,1.6538,0.286655,23,6,7,3,1.83,3.8,4.2
2024-02-24,22150,premier,Crystal Palace,Burnley,3,0,2.41612,0.0760216,1.65495,0.0760216,15,2,6,0,1.95,3.5,4.0
2024-02-24,22152,premier,Man United,Fulham,1,2,1.96036,1.1385,1.96036,1.1385,21,17,9,5,1.57,4.33,5.5
2024-02-25,22154,premier,Wolves,Sheffield United,1,0,1.21618,0.654342,1.21618,0.654342,13,12,2,4,1.44,4.75,7.0
2024-02-26,22153,premier,West Ham,Brentford,4,2,2.06873,1.33683,2.06873,1.33683,17,14,6,8,2.5,3.5,2.75
2024-03-02,22155,premier,Brentford,Chelsea,2,2,2.4732,2.1523,2.4732,2.1523,14,17,5,6,3.1,3.75,2.15
2024-03-02,22157,premier,Everton,West Ham,1,3,3.12075,2.17948,2.35958,2.17948,22,12,11,5,2.05,3.6,3.5
2024-03-02,22158,premier,Fulham,Brighton,3,0,1.37604,1.15198,1.37604,1.15198,12,15,5,5,2.55,3.6,2.63
2024-03-02,22159,premier,Luton,Aston Villa,2,3,2.43312,2.08586,2.43312,2.08586,13,12,5,8,4.33,4.2,1.73
2024-03-02,22161,premier,Newcastle,Wolves,3,0,3.33495,0.507769,3.33495,0.507769,14,12,7,3,1.91,4.0,3.6
2024-03-02,22162,premier,Nott'm Forest,Liverpool,0,1,0.971466,1.32259,0.971466,1.32259,8,22,2,2,6.0,4.33,1.53
2024-03-02,22164,premier,Tottenham,Crystal Palace,3,1,2.6625,0.277887,2.6625,0.277887,14,4,6,1,1.5,4.33,6.5
2024-03-03,22156,premier,Burnley,Bournemouth,0,2,1.60461,1.43616,1.60461,1.43616,20,10,6,3,3.75,3.6,1.95
2024-03-03,22160,premier,Man City,Man United,3,1,2.64173,0.153764,2.64173,0.153764,27,3,8,1,1.25,5.75,11.0
2024-03-04,22163,premier,Sheffield United,Arsenal,0,6,0.201374,2.47294,0.201374,2.47294,4,22,0,10,17.0,7.0,1.18
2024-03-09,22166,premier,Arsenal,Brentford,2,1,1.59369,0.733239,1.59369,0.733239,17,9,6,4,1.22,7.0,11.0
2024-03-09,22165,premier,Bournemouth,Sheffield United,2,2,3.92657,1.91752,3.1654,1.91752,32,13,12,9,1.33,5.25,8.0
2024-03-09,22170,premier,Crystal Palace,Luton,1,1,3.25103,1.08531,3.25103,1.08531,21,8,4,2,1.75,3.8,4.2
2024-03-09,22172,premier,Man United,Everton,2,0,2.9016,1.8214,1.37927,1.8214,15,23,8,6,1.83,3.6,4.0
2024-03-09,22174,premier,Wolves,Fulham,2,1,1.29589,2.94155,1.29589,2.94155,8,23,3,6,2.5,3.4,2.75
2024-03-10,22167,premier,Aston Villa,Tottenham,0,4,1.23267,2.25381,1.23267,2.25381,10,9,1,5,2.38,4.0,2.6
2024-03-10,22168,premier,Brighton,Nott'm Forest,1,0,0.534518,0.687034,0.534518,0.687034,10,9,3,4,1.8,4.0,4.0
2024-03-10,22171,premier,Liverpool,Man City,1,1,2.25492,1.37289,1.49375,1.37289,19,10,6,6,3.0,3.75,2.2
2024-03-10,22173,premier,West Ham,Burnley,2,2,1.87414,0.88131,1.87414,0.88131,22,11,4,4,1.67,4.0,4.75
2024-03-11,22169,premier,Chelsea,Newcastle,3,2,1.78315,0.568435,1.78315,0.568435,12,11,8,3,1.91,4.0,3.6
2024-03-13,25861,premier,Bournemouth,Luton,4,3,2.84403,2.79419,2.84403,2.79419,24,8,10,4,1.5,4.75,5.75
2024-03-16,22177,premier,Burnley,Brentford,2,1,2.69776,1.25123,1.93659,1.25123,17,9,6,5,3.25,3.6,2.15
2024-03-16,22180,premier,Fulham,Tottenham,3,0,2.47234,2.14564,2.47234,2.14564,16,14,7,5,3.5,3.8,1.95
2024-03-16,22181,premier,Luton,Nott'm Forest,1,1,0.853782,1.95268,0.853782,1.95268,10,16,4,6,2.8,3.5,2.45
2024-03-17,22183,premier,West Ham,Aston Villa,1,1,1.32829,0.911274,1.32829,0.911274,13,13,5,5,2.63,3.75,2.45
2024-03-30,22186,premier,Aston Villa,Wolves,2,0,1.28271,1.66232,1.28271,1.66232,11,13,5,3,1.6,4.33,5.0
2024-03-30,22185,premier,Bournemouth,Everton,2,1,1.39268,0.93378,1.39268,0.93378,11,7,4,3,2.2,3.6,3.2
2024-03-30,22187,premier,Brentford,Man United,1,1,3.16487,0.989565,3.16487,0.989565,31,11,5,5,3.0,3.8,2.2
2024-03-30,22188,premier,Chelsea,Burnley,2,2,4.46643,2.10422,3.70526,2.10422,33,18,13,7,1.29,6.0,9.5
2024-03-30,22191,premier,Newcastle,West Ham,4,3,3.80922,0.994584,2.28688,0.994584,24,10,9,4,1.83,4.2,3.8
2024-03-30,22192,premier,Nott'm Forest,Crystal Palace,1,1,0.784652,0.900972,0.784652,0.900972,12,10,5,3,2.2,3.3,3.4
2024-03-30,22193,premier,Sheffield United,Fulham,3,3,1.78824,1.10254,1.78824,1.10254,8,24,4,9,4.5,4.0,1.73
2024-03-30,22194,premier,Tottenham,Luton,2,1,2.46523,0.402402,2.46523,0.402402,17,7,4,3,1.2,8.0,11.0
2024-03-31,22189,premier,Liverpool,Brighton,2,1,3.21149,0.43922,3.21149,0.43922,30,9,8,3,1.36,5.5,7.5
2024-03-31,22190,premier,Man City,Arsenal,0,0,1.22009,0.511402,1.22009,0.511402,12,6,1,2,1.91,3.8,3.8
2024-04-02,22195,premier,Bournemouth,Crystal Palace,1,0,1.30969,0.174389,1.30969,0.174389,11,3,6,2,1.95,3.8,3.6
2024-04-02,22197,premier,Burnley,Wolves,1,1,1.12581,1.01021,1.12581,1.01021,13,8,6,2,2.45,3.6,2.75
2024-04-02,22202,premier,Newcastle,Everton,1,1,2.65009,1.69834,2.65009,0.937167,18,10,6,3,2.0,3.75,3.5
2024-04-02,22198,premier,Nott'm Forest,Fulham,3,1,1.94619,1.04304,1.94619,1.04304,16,18,4,3,2.7,3.4,2.63
2024-04-02,22199,premier,West Ham,Tottenham,1,1,1.47017,1.39423,1.47017,1.39423,11,13,4,4,3.3,4.2,1.95
2024-04-03,22196,premier,Arsenal,Luton,2,0,1.14384,0.292082,1.14384,0.292082,13,5,4,1,1.1,10.0,19.0
2024-04-03,22200,premier,Brentford,Brighton,0,0,0.423299,1.22404,0.423299,1.22404,5,24,2,6,2.38,3.8,2.75
2024-04-03,22204,premier,Man City,Aston Villa,4,1,3.87704,1.18643,3.87704,1.18643,25,8,11,3,1.3,6.0,8.0
2024-04-04,22201,premier,Chelsea,Man United,4,3,3.48048,1.56686,1.95814,1.56686,28,19,10,5,2.0,4.0,3.4
2024-04-04,22203,premier,Liverpool,Sheffield United,3,1,2.51772,0.720948,2.51772,0.720948,29,8,9,3,1.09,12.0,21.0
2024-04-06,22205,premier,Aston Villa,Brentford,3,3,1.16333,1.42064,1.16333,1.42064,11,8,3,3,1.7,4.0,4.75
2024-04-06,22206,premier,Brighton,Arsenal,0,3,0.428514,4.16518,0.428514,3.40401,10,20,2,7,5.0,4.33,1.62
2024-04-06,22207,premier,Crystal Palace,Man City,2,4,1.49472,2.26381,1.49472,2.26381,7,18,4,8,9.5,5.25,1.33
2024-04-06,22208,premier,Everton,Burnley,1,0,0.659844,0.34699,0.659844,0.34699,12,6,3,1,1.65,4.0,5.25
2024-04-06,22209,premier,Fulham,Newcastle,0,1,0.834564,1.18012,0.834564,1.18012,14,12,4,5,2.38,3.8,2.8
2024-04-06,22210,premier,Luton,Bournemouth,2,1,1.30478,0.616108,1.30478,0.616108,19,8,9,1,3.75,3.8,1.91
2024-04-06,22214,premier,Wolves,West Ham,1,2,1.78341,1.14133,1.02224,0.380163,14,11,7,4,2.5,3.6,2.7
2024-04-07,22211,premier,Man United,Liverpool,2,2,0.814509,4.43457,0.814509,3.6734,9,28,5,7,4.75,4.5,1.6
2024-04-07,22212,premier,Sheffield United,Chelsea,2,2,1.74265,0.521789,1.74265,0.521789,11,6,6,3,7.0,5.25,1.4
2024-04-07,22213,premier,Tottenham,Nott'm Forest,3,1,1.61978,2.00122,1.61978,2.00122,17,13,7,6,1.4,5.5,6.5
2024-04-13,22215,premier,Bournemouth,Man United,2,2,2.38519,1.52274,2.38519,0.761571,20,8,5,2,2.4,3.9,2.6
2024-04-13,22217,premier,Brentford,Sheffield United,2,0,1.09071,0.834498,1.09071,0.834498,9,8,5,2,1.44,5.0,6.5
2024-04-13,22218,premier,Burnley,Brighton,1,1,1.8522,0.889445,1.8522,0.889445,11,20,3,8,3.5,3.75,2.0
2024-04-13,22221,premier,Man City,Luton,5,1,4.64245,0.809775,3.88128,0.809775,33,4,13,2,1.1,11.0,19.0
2024-04-13,22222,premier,Newcastle,Tottenham,4,0,3.1483,0.737596,3.1483,0.737596,18,11,5,2,2.7,4.0,2.3
2024-04-13,22223,premier,Nott'm Forest,Wolves,2,2,1.76244,1.45688,1.76244,1.45688,18,11,9,4,2.1,3.4,3.5
2024-04-14,22216,premier,Arsenal,Aston Villa,0,2,1.89003,0.929049,1.89003,0.929049,18,11,4,2,1.29,5.75,10.0
2024-04-14,22220,premier,Liverpool,Crystal Palace,0,1,3.04497,2.12879,3.04497,2.12879,21,8,6,5,1.22,7.0,12.0
2024-04-14,22224,premier,West Ham,Fulham,0,2,1.45307,3.61413,1.45307,3.61413,15,18,4,10,2.38,3.6,2.8
2024-04-15,22219,premier,Chelsea,Everton,6,0,3.37093,1.21791,2.60976,1.21791,14,10,10,2,1.7,4.2,4.5
2024-04-20,22230,premier,Luton,Brentford,1,5,0.497799,3.7809,0.497799,3.7809,6,21,3,9,3.1,3.75,2.15
2024-04-20,22232,premier,Sheffield United,Burnley,1,4,1.97816,2.42338,1.97816,2.42338,18,16,11,9,2.75,3.6,2.45
2024-04-20,22234,premier,Wolves,Arsenal,0,2,0.164516,1.66179,0.164516,1.66179,5,24,3,9,8.5,4.5,1.4
2024-04-21,22225,premier,Aston Villa,Bournemouth,3,1,2.62687,2.05211,2.62687,1.29094,14,14,4,6,1.85,4.0,3.6
2024-04-21,22227,premier,Crystal Palace,West Ham,5,2,3.7185,1.34536,3.7185,1.34536,18,4,7,1,2.1,3.6,3.4
2024-04-21,22228,premier,Everton,Nott'm Forest,2,0,0.473233,1.18916,0.473233,1.18916,7,8,4,3,2.05,3.5,3.6
2024-04-21,22229,premier,Fulham,Liverpool,1,3,0.83885,1.02445,0.83885,1.02445,12,14,5,7,5.25,4.5,1.57
2024-04-23,22175,premier,Arsenal,Chelsea,5,0,3.45858,1.60343,3.45858,1.60343,27,7,10,1,1.44,5.0,6.0
2024-04-24,22178,premier,Crystal Palace,Newcastle,2,0,1.43661,0.55129,1.43661,0.55129,20,7,7,2,2.75,3.6,2.4
2024-04-24,22179,premier,Everton,Liverpool,2,0,1.89111,1.87155,1.89111,1.87155,16,23,6,7,7.0,5.0,1.4
2024-04-24,22182,premier,Man United,Sheffield United,4,2,3.51311,1.20517,2.75194,1.20517,25,10,13,4,1.3,6.5,7.5
2024-04-24,22184,premier,Wolves,Bournemouth,0,1,0.484454,2.40311,0.484454,2.40311,15,21,4,6,2.7,3.6,2.5
2024-04-25,22176,premier,Brighton,Man City,0,4,0.572021,1.90507,0.572021,1.90507,7,14,3,6,6.5,5.0,1.4
2024-04-27,22236,premier,Aston Villa,Chelsea,2,2,0.612257,1.56401,0.612257,1.56401,9,21,4,5,2.15,3.8,3.0
2024-04-27,22237,premier,Everton,Brentford,1,0,1.21399,0.956356,1.21399,0.956356,18,10,1,4,2.3,3.5,3.0
2024-04-27,22238,premier,Fulham,Crystal Palace,1,1,1.39418,1.05387,1.39418,1.05387,9,14,2,4,2.1,3.5,3.5
2024-04-27,22239,premier,Man United,Burnley,1,1,3.06197,1.89591,3.06197,1.13475,27,16,10,7,1.5,4.75,5.5
2024-04-27,22240,premier,Newcastle,Sheffield United,5,1,2.93477,1.82408,2.17361,1.82408,20,15,7,5,1.22,7.0,11.0
2024-04-27,22243,premier,West Ham,Liverpool,2,2,0.794025,2.29298,0.794025,2.29298,11,28,8,8,5.5,5.0,1.5
2024-04-27,22244,premier,Wolves,Luton,2,1,1.49011,0.90435,1.49011,0.90435,13,9,5,6,1.95,3.8,3.6
2024-04-28,22235,premier,Bournemouth,Brighton,3,0,2.48132,1.35682,2.48132,1.35682,15,13,6,1,2.25,3.8,2.9
2024-04-28,22242,premier,Nott'm Forest,Man City,0,2,2.17312,0.932063,2.17312,0.932063,14,11,2,5,8.0,6.0,1.3
2024-04-28,22241,premier,Tottenham,Arsenal,2,3,2.60458,1.51469,1.84341,1.51469,14,9,2,3,4.2,4.2,1.75
2024-05-02,22149,premier,Chelsea,Tottenham,2,0,2.22432,1.27064,2.22432,1.27064,16,19,5,3,2.15,3.8,3.0
2024-05-03,22252,premier,Luton,Everton,1,1,0.950391,1.22959,0.950391,0.468416,18,10,5,3,2.6,3.6,2.55
2024-05-04,22245,premier,Arsenal,Bournemouth,3,0,3.91372,0.4687,3.15255,0.4687,25,7,9,2,1.22,7.5,11.0
2024-05-04,22246,premier,Brentford,Fulham,0,0,0.809379,1.45579,0.809379,1.45579,7,15,3,3,2.1,3.8,3.2
2024-05-04,22248,premier,Burnley,Newcastle,1,4,1.28632,4.25643,1.28632,3.49526,17,23,5,11,3.4,4.0,1.95
2024-05-04,22253,premier,Man City,Wolves,5,1,4.52542,0.396887,3.00308,0.396887,20,2,12,1,1.08,12.0,21.0
2024-05-04,22254,premier,Sheffield United,Nott'm Forest,1,3,2.48986,1.93818,1.72869,1.93818,17,15,5,4,4.75,4.2,1.65
2024-05-05,22247,premier,Brighton,Aston Villa,1,0,2.63566,0.0644055,1.75337,0.0644055,15,2,8,1,2.75,3.75,2.45
2024-05-05,22249,premier,Chelsea,West Ham,5,0,4.21838,0.893899,4.21838,0.893899,25,13,14,2,1.65,4.5,4.5
2024-05-05,22251,premier,Liverpool,Tottenham,4,2,3.26222,1.17205,3.26222,1.17205,25,11,13,6,1.5,5.75,5.0
2024-05-06,22250,premier,Crystal Palace,Man United,4,0,2.0656,0.341417,2.0656,0.341417,18,7,10,2,2.38,3.75,2.8
2024-05-11,22255,premier,Bournemouth,Brentford,1,2,1.07237,1.92722,1.07237,1.92722,13,11,4,5,1.95,4.0,3.5
2024-05-11,22257,premier,Everton,Sheffield United,1,0,1.82411,0.465523,1.82411,0.465523,15,13,6,1,1.4,4.8,7.5
2024-05-11,22258,premier,Fulham,Man City,0,4,0.0886245,3.15218,0.0886245,2.39101,1,16,1,9,13.0,7.0,1.2
2024-05-11,22260,premier,Newcastle,Brighton,1,1,2.45163,1.91556,2.45163,1.91556,18,15,7,4,1.57,4.75,4.75
2024-05-11,22261,premier,Nott'm Forest,Chelsea,2,3,2.44569,2.41068,2.44569,2.41068,20,12,4,5,3.4,3.8,2.0
2024-05-11,22262,premier,Tottenham,Burnley,2,1,3.00238,0.950331,3.00238,0.950331,21,7,9,3,1.36,5.75,7.0
2024-05-11,22263,premier,West Ham,Luton,3,1,3.71009,0.640456,3.71009,0.640456,24,4,8,1,1.8,4.2,3.8
2024-05-11,22264,premier,Wolves,Crystal Palace,1,3,1.1561,2.51452,1.1561,2.51452,13,13,7,3,2.88,3.5,2.38
2024-05-12,22259,premier,Man United,Arsenal,0,1,0.551669,1.73104,0.551669,1.73104,14,11,2,5,7.0,5.5,1.36
2024-05-13,22256,premier,Aston Villa,Liverpool,3,3,2.71655,1.89968,2.71655,1.89968,19,14,5,7,4.2,4.33,1.7
2024-05-14,22233,premier,Tottenham,Man City,0,2,1.84285,2.70331,1.84285,1.94214,10,8,5,5,6.5,6.0,1.36
2024-05-15,22226,premier,Brighton,Chelsea,1,2,1.32423,1.544,1.32423,1.544,12,13,2,6,3.3,4.0,1.95
2024-05-15,22231,premier,Man United,Newcastle,3,2,1.49706,2.27657,1.49706,2.27657,17,21,8,8,2.75,4.0,2.3
2024-05-19,22265,premier,Arsenal,Everton,2,1,3.2117,0.664904,3.2117,0.664904,26,5,5,2,1.18,8.0,12.0
2024-05-19,22266,premier,Brentford,Newcastle,2,4,1.70157,3.65044,1.70157,3.65044,10,12,5,7,2.9,3.9,2.2
2024-05-19,22267,premier,Brighton,Man United,0,2,1.9717,1.00404,1.9717,1.00404,17,11,3,4,2.15,4.0,2.9
2024-05-19,22268,premier,Burnley,Nott'm Forest,1,2,1.08222,1.57962,1.08222,1.57962,20,12,3,6,3.0,3.5,2.3
2024-05-19,22269,premier,Chelsea,Bournemouth,2,1,1.59771,2.002,1.59771,2.002,16,22,6,5,1.45,5.0,6.0
2024-05-19,22270,premier,Crystal Palace,Aston Villa,5,0,2.23189,0.598846,2.23189,0.598846,15,8,9,2,1.85,4.33,3.6
2024-05-19,22271,premier,Liverpool,Wolves,2,0,5.65937,0.731254,5.65937,0.731254,36,4,14,3,1.17,8.0,15.0
2024-05-19,22272,premier,Luton,Fulham,2,4,2.06743,1.11598,1.30626,1.11598,15,15,6,7,2.9,3.9,2.2
2024-05-19,22273,premier,Man City,West Ham,3,1,2.31504,0.240159,2.31504,0.240159,28,3,12,2,1.08,12.0,21.0
2024-05-19,22274,premier,Sheffield United,Tottenham,0,3,0.697312,3.19675,0.697312,3.19675,6,18,1,9,7.0,6.0,1.33
2024-08-16,26602,premier,Man United,Fulham,1,0,2.04268,0.418711,2.04268,0.418711,14,10,5,2,1.6,4.2,5.25
2024-08-17,26604,premier,Arsenal,Wolves,2,0,1.6283,0.575835,1.6283,0.575835,18,9,6,3,1.18,7.5,13.0
2024-08-17,26605,premier,Everton,Brighton,0,3,0.405325,1.79083,0.405325,1.79083,9,10,1,5,2.63,3.3,2.63
2024-08-17,26603,premier,Ipswich,Liverpool,0,2,0.342601,3.92906,0.342601,3.92906,7,18,2,5,8.5,5.5,1.33
2024-08-17,26606,premier,Newcastle,Southampton,1,0,0.433489,1.95483,0.433489,1.95483,3,19,1,4,1.36,5.25,8.0
2024-08-17,26607,premier,Nott'm Forest,Bournemouth,1,1,1.24405,1.90915,1.24405,1.90915,14,13,8,4,2.45,3.5,2.8
2024-08-17,26608,premier,West Ham,Aston Villa,1,2,2.8047,2.6703,2.04353,2.6703,14,15,3,3,2.45,3.6,2.75
2024-08-18,26609,premier,Brentford,Crystal Palace,2,1,1.38064,1.14757,1.38064,1.14757,9,14,5,6,2.4,3.4,2.9
2024-08-18,26610,premier,Chelsea,Man City,0,2,1.06123,1.18038,1.06123,1.18038,10,11,3,5,4.1,3.9,1.8
2024-08-19,26611,premier,Leicester,Tottenham,1,1,1.02614,1.40775,1.02614,1.40775,7,15,3,7,5.0,4.33,1.62
2024-08-24,26618,premier,Aston Villa,Arsenal,0,2,1.31664,1.41399,1.31664,1.41399,11,9,3,4,4.33,3.8,1.75
2024-08-24,26612,premier,Brighton,Man United,2,1,2.14153,1.28556,2.14153,1.28556,14,11,5,4,2.5,3.7,2.63
2024-08-24,26613,premier,Crystal Palace,West Ham,0,2,1.3761,1.53421,1.3761,1.53421,14,18,2,3,2.15,3.6,3.2
2024-08-24,26614,premier,Fulham,Leicester,2,1,1.96218,0.857005,1.96218,0.857005,18,10,6,4,1.8,3.75,4.2
2024-08-24,26615,premier,Man City,Ipswich,4,1,3.07818,0.479999,2.31701,0.479999,14,1,5,1,1.08,12.0,21.0
2024-08-24,26616,premier,Southampton,Nott'm Forest,0,1,0.214952,2.86475,0.214952,2.86475,5,23,1,8,2.55,3.3,2.8
2024-08-24,26617,premier,Tottenham,Everton,4,0,2.61143,0.648869,2.61143,0.648869,13,10,7,1,1.44,4.75,6.5
2024-08-25,26620,premier,Bournemouth,Newcastle,1,1,2.53513,1.89287,2.53513,1.89287,16,14,4,5,2.9,3.8,2.2
2024-08-25,26621,premier,Liverpool,Brentford,2,0,2.71877,0.457239,2.71877,0.457239,19,8,8,2,1.27,5.75,11.0
2024-08-25,26619,premier,Wolves,Chelsea,2,6,2.4181,2.02935,2.4181,2.02935,12,14,4,8,4.33,4.0,1.75
2024-08-31,26622,premier,Arsenal,Brighton,1,1,2.41798,1.81748,2.41798,1.81748,11,22,7,4,1.33,5.5,8.5
2024-08-31,26623,premier,Brentford,Southampton,3,1,3.86281,1.64713,3.86281,1.64713,20,18,7,6,1.75,3.9,4.33
2024-08-31,26624,premier,Everton,Bournemouth,2,3,2.55629,2.95688,2.55629,2.95688,18,17,8,7,2.75,3.4,2.55
2024-08-31,26625,premier,Ipswich,Fulham,1,1,0.707048,1.18883,0.707048,1.18883,11,9,4,4,3.0,3.5,2.3
2024-08-31,26626,premier,Leicester,Aston Villa,1,2,0.774741,2.16385,0.774741,2.16385,9,10,3,5,4.5,4.0,1.7
2024-08-31,26627,premier,Nott'm Forest,Wolves,1,1,1.41069,0.937632,1.41069,0.937632,16,11,5,3,2.0,3.7,3.7
2024-08-31,26628,premier,West Ham,Man City,1,3,0.947201,3.19297,0.947201,3.19297,10,23,2,8,7.0,5.5,1.38
2024-09-01,26630,premier,Chelsea,Crystal Palace,1,1,2.97743,0.459708,2.97743,0.459708,13,9,7,3,1.6,4.33,5.0
2024-09-01,26631,premier,Man United,Liverpool,0,3,1.50087,2.10397,1.50087,2.10397,8,11,3,3,3.7,4.2,1.85
2024-09-01,26629,premier,Newcastle,Tottenham,2,1,1.58694,1.63304,1.58694,1.63304,9,20,3,6,2.5,4.0,2.5
2024-09-14,26638,premier,Aston Villa,Everton,3,2,3.15876,0.852158,3.15876,0.852158,17,6,8,2,1.5,4.2,6.5
2024-09-14,26639,premier,Bournemouth,Chelsea,0,1,1.53731,0.932726,0.77614,0.932726,19,10,7,3,3.4,3.8,2.0
2024-09-14,26633,premier,Brighton,Ipswich,0,0,1.75696,0.721323,1.75696,0.721323,21,6,6,1,1.38,5.0,7.5
2024-09-14,26636,premier,Crystal Palace,Leicester,2,2,2.88716,1.65187,2.12599,1.65187,20,9,4,4,1.62,4.0,5.5
2024-09-14,26634,premier,Fulham,West Ham,1,1,2.88601,0.682719,2.88601,0.682719,21,11,5,3,2.38,3.25,3.0
2024-09-14,26635,premier,Liverpool,Nott'm Forest,0,1,1.17044,0.589532,1.17044,0.589532,14,5,5,3,1.22,6.5,12.0
2024-09-14,26637,premier,Man City,Brentford,2,1,1.55279,1.05094,1.55279,1.05094,18,8,7,5,1.18,8.0,12.0
2024-09-14,26632,premier,Southampton,Man United,0,3,1.35593,3.02693,0.545317,3.02693,6,20,4,10,4.5,4.0,1.7
2024-09-15,26640,premier,Tottenham,Arsenal,0,1,0.792595,1.1209,0.792595,1.1209,15,7,5,4,3.0,3.5,2.3
2024-09-15,26641,premier,Wolves,Newcastle,1,2,1.46969,1.48343,1.46969,1.48343,12,14,5,6,3.4,3.5,2.1
2024-09-21,26647,premier,Aston Villa,Wolves,3,1,2.37351,0.520117,2.37351,0.520117,9,10,4,4,1.57,4.2,5.25
2024-09-21,26649,premier,Crystal Palace,Man United,0,0,1.66928,2.35056,1.66928,2.35056,9,15,4,6,2.88,3.75,2.3
2024-09-21,26646,premier,Fulham,Newcastle,3,1,3.21141,1.09768,3.21141,1.09768,22,15,11,4,3.0,3.4,2.4
2024-09-21,26644,premier,Leicester,Everton,1,1,1.33793,1.82377,1.33793,1.82377,12,16,2,5,2.45,3.4,2.88
2024-09-21,26645,premier,Liverpool,Bournemouth,3,0,2.43731,1.46979,2.43731,1.46979,19,19,13,6,1.3,6.25,9.0
2024-09-21,26643,premier,Southampton,Ipswich,1,1,2.89813,1.645,2.89813,1.645,11,13,3,6,2.25,3.5,3.2
2024-09-21,26648,premier,Tottenham,Brentford,3,1,3.89481,0.893565,3.89481,0.893565,23,6,10,6,1.55,4.5,5.5
2024-09-21,26642,premier,West Ham,Chelsea,0,3,0.758267,2.39727,0.758267,2.39727,15,12,7,5,3.6,3.9,1.95
2024-09-22,26650,premier,Brighton,Nott'm Forest,2,2,1.56836,1.36923,1.56836,0.608061,14,4,3,3,1.75,3.75,4.75
2024-09-22,26651,premier,Man City,Arsenal,2,2,2.75588,1.28411,2.75588,1.28411,33,5,11,3,1.8,3.6,4.5
2024-09-28,26655,premier,Arsenal,Leicester,4,2,6.05305,0.337909,6.05305,0.337909,36,5,16,3,1.17,8.0,15.0
2024-09-28,26656,premier,Brentford,West Ham,1,1,0.370222,0.878617,0.370222,0.878617,8,19,3,3,2.2,3.5,3.2
2024-09-28,26657,premier,Chelsea,Brighton,4,2,3.65839,1.20712,2.89722,1.20712,15,15,7,5,1.73,4.2,4.2
2024-09-28,26654,premier,Everton,Crystal Palace,2,1,1.10959,1.12358,1.10959,1.12358,8,17,2,5,2.7,3.3,2.63
2024-09-28,26652,premier,Newcastle,Man City,1,1,1.34344,1.26516,0.582272,1.26516,11,16,4,6,5.25,4.33,1.6
2024-09-28,26653,premier,Nott'm Forest,Fulham,0,1,0.614351,1.43592,0.614351,0.674751,11,14,1,2,2.38,3.3,3.0
2024-09-28,26658,premier,Wolves,Liverpool,1,2,0.748925,2.11724,0.748925,1.35607,8,10,3,6,8.0,5.75,1.33
2024-09-29,26659,premier,Ipswich,Aston Villa,2,2,1.84608,1.14494,1.84608,1.14494,15,7,5,3,4.0,3.75,1.85
2024-09-29,26660,premier,Man United,Tottenham,0,3,0.600721,5.4072,0.600721,5.4072,11,24,2,10,2.35,3.75,2.75
2024-09-30,26661,premier,Bournemouth,Southampton,3,1,1.44215,0.696068,1.44215,0.696068,14,9,6,3,1.65,4.1,5.0
2024-10-05,26666,premier,Arsenal,Southampton,3,1,3.25165,1.27313,3.25165,1.27313,29,8,6,2,1.14,9.0,17.0
2024-10-05,26667,premier,Brentford,Wolves,5,3,4.13513,0.696254,3.37396,0.696254,19,17,12,6,2.05,3.6,3.4
2024-10-05,26662,premier,Crystal Palace,Liverpool,0,1,0.609481,2.07332,0.609481,2.07332,9,16,5,4,6.0,4.5,1.5
2024-10-05,26669,premier,Everton,Newcastle,0,0,0.692214,1.79048,0.692214,1.02931,8,14,2,3,3.2,3.6,2.2
2024-10-05,26663,premier,Leicester,Bournemouth,1,0,0.912063,1.94963,0.912063,1.94963,6,17,2,2,3.1,3.75,2.15
2024-10-05,26664,premier,Man City,Fulham,3,2,1.36684,2.75846,1.36684,2.75846,20,11,7,4,1.25,7.0,9.5
2024-10-05,26665,premier,West Ham,Ipswich,4,1,4.39402,1.18463,4.39402,1.18463,23,9,13,2,1.8,3.8,4.33
2024-10-06,26670,premier,Aston Villa,Man United,0,0,0.532809,0.448537,0.532809,0.448537,11,10,1,4,2.2,3.75,3.0
2024-10-06,26671,premier,Brighton,Tottenham,3,2,1.97217,1.09279,1.97217,1.09279,11,13,4,3,2.9,4.0,2.2
2024-10-06,26668,premier,Chelsea,Nott'm Forest,1,1,2.27752,1.66654,2.27752,1.66654,22,16,8,9,1.48,4.5,6.5
2024-10-19,26680,premier,Bournemouth,Arsenal,2,0,2.18419,0.740758,1.42302,0.740758,13,6,4,1,5.0,3.9,1.65
2024-10-19,26673,premier,Fulham,Aston Villa,1,3,2.63074,1.43595,1.86957,1.43595,10,14,4,5,2.45,3.5,2.8
2024-10-19,26674,premier,Ipswich,Everton,0,2,1.174,1.60804,1.174,1.60804,13,11,2,8,2.38,3.3,3.0
2024-10-19,26675,premier,Man United,Brentford,2,1,1.76555,0.892843,1.76555,0.892843,23,8,11,2,1.7,4.2,4.5
2024-10-19,26676,premier,Newcastle,Brighton,0,1,1.93657,1.6779,1.93657,1.6779,21,10,6,5,1.95,3.7,3.6
2024-10-19,26678,premier,Southampton,Leicester,2,3,2.42776,2.83826,2.42776,2.0771,14,18,7,4,2.3,3.5,3.0
2024-10-19,26672,premier,Tottenham,West Ham,4,1,1.44052,0.858803,1.44052,0.858803,22,11,7,4,1.5,5.0,5.25
2024-10-20,26679,premier,Liverpool,Chelsea,2,1,2.22517,1.33904,1.464,1.33904,9,12,5,2,1.62,4.1,5.0
2024-10-20,26681,premier,Wolves,Man City,1,2,0.761217,1.36569,0.761217,1.36569,3,22,2,7,8.0,6.0,1.33
2024-10-21,26677,premier,Nott'm Forest,Crystal Palace,1,0,1.88573,0.835001,1.88573,0.835001,20,20,6,7,2.3,3.5,3.0
2024-10-25,26682,premier,Leicester,Nott'm Forest,1,3,0.832415,2.54488,0.832415,2.54488,11,20,1,5,3.0,3.3,2.4
2024-10-26,26684,premier,Aston Villa,Bournemouth,1,1,1.974,0.328651,1.974,0.328651,18,11,8,3,1.85,3.9,3.8
2024-10-26,26685,premier,Brentford,Ipswich,4,3,4.09663,1.65698,3.33546,1.65698,20,11,9,5,1.65,4.33,4.75
2024-10-26,26686,premier,Brighton,Wolves,2,2,1.51347,1.11074,1.51347,1.11074,19,14,6,7,1.62,4.5,4.5
2024-10-26,26687,premier,Everton,Fulham,1,1,0.884845,1.49531,0.884845,1.49531,10,14,5,3,2.75,3.25,2.63
2024-10-26,26683,premier,Man City,Southampton,1,0,3.16286,0.369989,3.16286,0.369989,22,5,8,2,1.11,10.0,17.0
2024-10-27,26691,premier,Arsenal,Liverpool,2,2,1.0883,1.35346,1.0883,1.35346,9,9,3,4,2.5,3.25,2.9
2024-10-27,26688,premier,Chelsea,Newcastle,2,1,1.61794,1.74225,1.61794,1.74225,17,11,7,3,1.73,4.33,4.2
2024-10-27,26689,premier,Crystal Palace,Tottenham,1,0,0.978611,1.0192,0.978611,1.0192,14,11,6,3,3.9,4.0,1.83
2024-10-27,26690,premier,West Ham,Man United,2,1,2.99312,2.62598,2.23195,2.62598,12,18,3,5,2.88,3.75,2.3
2024-11-02,26692,premier,Bournemouth,Man City,2,1,2.4493,2.3527,2.4493,2.3527,12,18,6,4,5.5,4.2,1.57
2024-11-02,26695,premier,Ipswich,Leicester,1,1,1.33617,2.33858,1.33617,2.33858,14,20,2,6,2.25,3.5,3.1
2024-11-02,26696,premier,Liverpool,Brighton,2,1,1.81037,1.01568,1.81037,1.01568,16,13,8,5,1.4,5.0,7.5
2024-11-02,26694,premier,Newcastle,Arsenal,1,0,0.859715,0.911305,0.859715,0.911305,9,10,4,1,3.75,3.75,1.95
2024-11-02,26698,premier,Nott'm Forest,West Ham,3,0,2.35011,0.132317,2.35011,0.132317,19,4,6,2,2.15,3.5,3.4
2024-11-02,26699,premier,Southampton,Everton,1,0,0.540345,1.78581,0.540345,1.78581,9,16,2,5,2.63,3.4,2.63
2024-11-02,26701,premier,Wolves,Crystal Palace,2,2,1.65018,2.64849,1.65018,2.64849,11,19,6,7,2.5,3.4,2.88
2024-11-03,26697,premier,Man United,Chelsea,1,1,2.1605,1.21071,1.39934,1.21071,11,12,4,3,2.6,3.5,2.6
2024-11-03,26700,premier,Tottenham,Aston Villa,4,1,2.09751,2.48749,2.09751,2.48749,16,12,6,1,1.91,4.0,3.6
2024-11-04,26693,premier,Fulham,Brentford,2,1,1.43017,0.739231,1.43017,0.739231,26,5,12,2,2.0,3.7,3.5
2024-11-09,26702,premier,Brentford,Bournemouth,3,2,1.56474,2.49234,1.56474,2.49234,12,15,6,3,2.5,3.5,2.7
2024-11-09,26703,premier,Brighton,Man City,2,1,2.87116,2.60334,2.87116,2.60334,10,15,4,6,4.1,4.2,1.73
2024-11-09,26706,premier,Crystal Palace,Fulham,0,2,1.96037,2.25331,1.96037,2.25331,13,17,5,7,2.7,3.5,2.55
2024-11-09,26707,premier,Liverpool,Aston Villa,2,0,2.68196,1.66337,2.68196,1.66337,14,12,5,2,1.42,5.25,6.5
2024-11-09,26710,premier,West Ham,Everton,0,0,1.1237,0.865983,1.1237,0.865983,11,18,6,4,2.15,3.4,3.4
2024-11-09,26711,premier,Wolves,Southampton,2,0,0.912781,0.792655,0.912781,0.792655,8,9,4,0,1.91,3.75,3.75
2024-11-10,26705,premier,Chelsea,Arsenal,1,1,1.24067,1.9605,1.24067,1.9605,17,13,3,3,2.7,3.4,2.55
2024-11-10,26708,premier,Man United,Leicester,3,0,1.2369,0.417295,1.2369,0.417295,13,6,3,5,1.38,5.5,6.5
2024-11-10,26704,premier,Nott'm Forest,Newcastle,1,3,1.17852,1.86904,1.17852,1.86904,9,17,3,6,2.7,3.3,2.7
2024-11-10,26709,premier,Tottenham,Ipswich,1,2,1.75088,2.18392,1.75088,2.18392,17,8,5,3,1.25,6.5,9.0
2024-11-23,26714,premier,Arsenal,Nott'm Forest,3,0,1.66016,0.403136,1.66016,0.403136,19,7,7,0,1.38,4.75,9.0
2024-11-23,26716,premier,Aston Villa,Crystal Palace,2,2,3.04455,1.61437,2.28338,1.61437,17,13,5,6,1.62,4.0,5.5
2024-11-23,26712,premier,Bournemouth,Brighton,1,2,1.91157,1.23059,1.91157,1.23059,19,6,5,4,2.4,3.6,2.8
2024-11-23,26715,premier,Everton,Brentford,0,0,1.5951,1.34314,1.5951,1.34314,27,9,5,2,2.45,3.4,2.88
2024-11-23,26717,premier,Fulham,Wolves,1,4,0.717158,1.33903,0.717158,1.33903,10,10,3,5,1.62,4.0,5.25
2024-11-23,26719,premier,Leicester,Chelsea,1,2,0.967987,2.81658,0.206818,2.81658,4,16,1,7,6.5,4.75,1.44
2024-11-23,26720,premier,Man City,Tottenham,0,4,2.15899,3.30449,2.15899,3.30449,23,9,5,7,1.48,4.75,6.0
2024-11-24,26718,premier,Ipswich,Man United,1,1,1.98714,1.26912,1.98714,1.26912,11,11,6,4,5.25,4.0,1.62
2024-11-24,26721,premier,Southampton,Liverpool,2,3,1.53985,3.18835,0.642015,2.42718,7,27,5,11,11.0,5.75,1.27
2024-11-25,26713,premier,Newcastle,West Ham,0,2,1.49781,0.942824,1.49781,0.942824,18,15,2,6,1.5,4.5,6.0
2024-11-29,26723,premier,Brighton,Southampton,1,1,1.86986,0.934969,1.86986,0.934969,22,10,5,2,1.38,5.0,7.5
2024-11-30,26722,premier,Brentford,Leicester,4,1,2.21885,0.907555,2.21885,0.907555,13,7,6,3,1.65,4.2,4.75
2024-11-30,26725,premier,Crystal Palace,Newcastle,1,1,2.29595,0.020989,2.29595,0.020989,16,1,4,0,2.9,3.6,2.3
2024-11-30,26728,premier,Nott'm Forest,Ipswich,1,0,1.76587,0.462771,1.0047,0.462771,12,7,5,3,1.7,3.8,4.75
2024-11-30,26730,premier,West Ham,Arsenal,2,5,1.23539,3.99935,1.23539,2.47701,12,16,5,7,7.0,4.5,1.45
2024-11-30,26731,premier,Wolves,Bournemouth,2,4,0.866034,3.07901,0.866034,0.795501,10,12,3,8,2.8,3.6,2.4
2024-12-01,26724,premier,Chelsea,Aston Villa,3,0,1.94939,0.875443,1.94939,0.875443,17,10,8,4,1.7,4.1,4.5
2024-12-01,26726,premier,Liverpool,Man City,2,0,3.70054,0.745015,2.93937,0.745015,18,8,7,2,2.1,3.6,3.3
2024-12-01,26727,premier,Man United,Everton,4,0,1.76161,0.766749,1.76161,0.766749,11,8,5,2,1.53,4.2,6.0
2024-12-01,26729,premier,Tottenham,Fulham,1,1,1.01086,1.57274,1.01086,1.57274,8,14,3,6,1.7,4.5,4.1
2024-12-03,26737,premier,Ipswich,Crystal Palace,0,1,0.471708,1.65422,0.471708,1.65422,9,13,2,3,3.0,3.4,2.35
2024-12-03,26738,premier,Leicester,West Ham,3,1,2.78061,2.87716,2.78061,2.87716,8,31,6,10,2.9,3.4,2.38
2024-12-04,26733,premier,Arsenal,Man United,2,0,2.96684,0.256083,2.96684,0.256083,14,5,6,2,1.44,4.5,7.0
2024-12-04,26734,premier,Aston Villa,Brentford,3,1,3.21673,1.13266,2.45556,1.13266,20,9,10,1,1.8,3.75,4.33
2024-12-04,26735,premier,Everton,Wolves,4,0,1.49904,0.847724,1.49904,0.847724,13,6,4,2,2.1,3.4,3.5
2024-12-04,26739,premier,Man City,Nott'm Forest,3,0,3.20169,0.802155,3.20169,0.802155,17,12,7,3,1.36,4.75,9.0
2024-12-04,26740,premier,Newcastle,Liverpool,3,3,1.52057,2.22766,1.52057,2.22766,17,16,6,5,4.2,4.0,1.75
2024-12-04,26741,premier,Southampton,Chelsea,1,5,1.91014,5.8331,1.91014,5.8331,6,26,4,13,8.5,5.25,1.33
2024-12-05,26732,premier,Bournemouth,Tottenham,1,0,3.27716,0.623934,3.27716,0.623934,21,12,8,4,2.63,3.75,2.45
2024-12-05,26736,premier,Fulham,Brighton,3,1,0.666644,1.09939,0.666644,1.09939,6,13,2,3,2.35,3.6,2.88
2024-12-07,26742,premier,Aston Villa,Southampton,1,0,2.51338,0.385832,2.51338,0.385832,18,4,5,0,1.36,5.5,7.0
2024-12-07,26743,premier,Brentford,Newcastle,4,2,1.746,1.95645,1.746,1.95645,11,16,8,3,2.88,3.75,2.3
2024-12-07,26747,premier,Crystal Palace,Man City,2,2,1.21476,1.5846,1.21476,1.5846,12,12,3,4,5.5,4.2,1.57
2024-12-07,26744,premier,Man United,Nott'm Forest,2,3,1.4697,0.651217,1.4697,0.651217,17,11,7,3,1.65,3.9,5.25
2024-12-08,26749,premier,Fulham,Arsenal,1,1,0.150988,2.4333,0.150988,2.4333,2,12,2,4,5.0,4.33,1.6
2024-12-08,26750,premier,Ipswich,Bournemouth,1,2,1.5668,3.49127,1.5668,3.49127,18,22,5,6,3.5,3.75,2.0
2024-12-08,26751,premier,Leicester,Brighton,2,2,1.42438,1.12184,1.42438,1.12184,10,16,3,7,4.5,3.8,1.73
2024-12-08,26745,premier,Tottenham,Chelsea,3,4,3.25488,2.57326,3.25488,1.05092,13,17,5,8,3.4,3.9,2.0
2024-12-09,26746,premier,West Ham,Wolves,2,1,1.19808,1.47567,1.19808,1.47567,19,19,4,5,1.9,3.9,3.75
2024-12-14,26755,premier,Arsenal,Everton,0,0,1.30865,0.132166,1.30865,0.132166,13,2,5,0,1.22,6.5,12.0
2024-12-14,26752,premier,Liverpool,Fulham,2,2,2.09698,1.2862,2.09698,1.2862,16,12,4,3,1.33,5.5,8.0
2024-12-14,26760,premier,Newcastle,Leicester,4,0,3.95461,0.186759,3.95461,0.186759,27,4,11,1,1.3,6.0,8.5
2024-12-14,26761,premier,Nott'm Forest,Aston Villa,2,1,2.2861,0.389423,2.2861,0.389423,17,8,6,2,2.63,3.3,2.7
2024-12-14,26758,premier,Wolves,Ipswich,1,2,1.23748,1.73349,1.23748,1.73349,16,10,6,5,1.9,3.8,3.8
2024-12-15,26756,premier,Brighton,Crystal Palace,1,3,1.32323,3.00618,1.32323,3.00618,17,13,5,5,1.85,3.8,3.9
2024-12-15,26757,premier,Chelsea,Brentford,2,1,2.59146,1.65861,2.59146,1.65861,26,9,8,4,1.33,6.0,7.5
2024-12-15,26753,premier,Man City,Man United,1,2,0.638103,2.04662,0.638103,1.28545,10,10,3,3,1.57,4.5,5.0
2024-12-15,26759,premier,Southampton,Tottenham,0,5,1.27356,3.89322,1.27356,3.89322,9,18,3,9,4.33,4.5,1.67
2024-12-16,26754,premier,Bournemouth,West Ham,1,1,2.04842,1.81827,2.04842,1.0571,29,16,9,3,1.7,4.0,4.75
2024-12-21,26762,premier,Aston Villa,Man City,2,1,2.05988,1.09627,2.05988,1.09627,11,12,6,6,3.25,3.7,2.1
2024-12-21,26766,premier,Brentford,Nott'm Forest,0,2,0.769004,0.964897,0.769004,0.964897,7,10,3,6,2.3,3.6,2.9
2024-12-21,26765,premier,Crystal Palace,Arsenal,1,5,1.6052,3.05434,1.6052,3.05434,15,14,6,6,6.25,4.2,1.55
2024-12-21,26771,premier,Ipswich,Newcastle,0,4,1.06427,3.23386,1.06427,3.23386,10,15,2,7,4.75,3.75,1.73
2024-12-21,26767,premier,West Ham,Brighton,1,1,1.22937,1.34379,1.22937,1.34379,11,12,4,6,2.88,3.7,2.35
2024-12-22,26764,premier,Everton,Chelsea,0,0,1.07081,1.51591,1.07081,1.51591,5,12,4,5,5.0,4.2,1.62
2024-12-22,26763,premier,Fulham,Southampton,0,0,1.25255,0.280031,1.25255,0.280031,16,5,5,1,1.42,4.75,7.0
2024-12-22,26770,premier,Leicester,Wolves,0,3,0.78868,1.13531,0.78868,1.13531,9,8,5,4,2.55,3.4,2.7
2024-12-22,26769,premier,Man United,Bournemouth,0,3,2.28533,1.82831,2.28533,1.06714,23,10,7,5,1.8,3.8,4.2
2024-12-22,26768,premier,Tottenham,Liverpool,3,6,1.20245,5.20214,1.20245,5.20214,9,24,5,12,4.5,4.0,1.73
2024-12-26,26772,premier,Bournemouth,Crystal Palace,0,0,1.20189,0.500066,1.20189,0.500066,18,10,4,4,1.9,3.8,3.8
2024-12-26,26775,premier,Chelsea,Fulham,1,2,1.55626,1.77929,1.55626,1.77929,12,14,8,7,1.48,4.75,6.0
2024-12-26,26776,premier,Liverpool,Leicester,3,1,1.89935,0.22097,1.89935,0.22097,19,4,7,1,1.08,12.0,23.0
2024-12-26,26777,premier,Man City,Everton,1,1,2.51965,0.653289,1.75849,0.653289,24,8,5,3,1.33,5.5,7.5
2024-12-26,26778,premier,Newcastle,Aston Villa,3,0,2.82867,0.225522,2.82867,0.225522,22,4,8,1,1.91,3.8,3.75
2024-12-26,26779,premier,Nott'm Forest,Tottenham,1,0,1.30018,1.05758,1.30018,1.05758,10,13,3,4,2.3,3.75,2.88
2024-12-26,26780,premier,Southampton,West Ham,0,1,2.19833,1.90111,2.19833,1.90111,18,16,5,2,3.25,3.5,2.2
2024-12-26,26781,premier,Wolves,Man United,2,0,0.826489,0.358876,0.826489,0.358876,7,11,4,4,3.9,3.7,1.91
2024-12-27,26773,premier,Arsenal,Ipswich,1,0,2.16462,0.0783327,2.16462,0.0783327,13,3,5,0,1.14,9.0,15.0
2024-12-27,26774,premier,Brighton,Brentford,0,0,1.33538,0.961233,1.33538,0.961233,24,8,7,3,1.62,4.33,4.75
2024-12-29,26784,premier,Crystal Palace,Southampton,2,1,3.05417,1.21853,3.05417,1.21853,19,7,10,3,1.57,3.9,5.5
2024-12-29,26785,premier,Everton,Nott'm Forest,0,2,0.615191,2.02753,0.615191,2.02753,13,11,2,7,2.6,3.2,2.8
2024-12-29,26786,premier,Fulham,Bournemouth,2,2,0.961566,1.70692,0.961566,1.70692,11,16,6,9,2.3,3.6,2.88
2024-12-29,26788,premier,Leicester,Man City,0,2,1.84208,1.58002,1.84208,1.58002,11,14,4,5,7.5,5.5,1.36
2024-12-29,26790,premier,Tottenham,Wolves,2,2,2.28433,0.640697,1.52317,0.640697,13,11,3,3,1.6,5.0,4.2
2024-12-29,26791,premier,West Ham,Liverpool,0,5,0.518279,3.29868,0.518279,3.29868,7,22,0,13,7.0,5.0,1.4
2024-12-30,26782,premier,Aston Villa,Brighton,2,2,1.87997,0.938042,1.1188,0.938042,20,13,4,4,1.9,3.8,3.6
2024-12-30,26787,premier,Ipswich,Chelsea,2,0,1.50093,1.60622,0.739758,1.60622,9,20,6,5,6.5,4.75,1.42
2024-12-30,26789,premier,Man United,Newcastle,0,2,1.00073,2.2424,1.00073,2.2424,10,12,0,4,2.75,3.5,2.55
2025-01-01,26783,premier,Brentford,Arsenal,1,3,0.272604,1.99848,0.272604,1.99848,5,14,2,5,6.5,4.75,1.44
2025-01-04,26793,premier,Aston Villa,Leicester,2,1,2.3456,0.81548,2.3456,0.81548,13,4,5,2,1.33,5.5,8.5
2025-01-04,26792,premier,Bournemouth,Everton,1,0,2.61852,0.561015,2.61852,0.561015,19,9,8,0,1.73,3.75,4.75
2025-01-04,26794,premier,Brighton,Arsenal,1,1,1.76513,1.81142,1.00396,1.81142,11,9,4,3,4.33,3.75,1.8
2025-01-04,26795,premier,Crystal Palace,Chelsea,1,1,1.2766,1.51541,1.2766,1.51541,13,15,6,1,3.8,3.75,1.91
2025-01-04,26798,premier,Man City,West Ham,4,1,1.97986,1.53286,1.97986,1.53286,10,17,7,4,1.3,6.25,7.5
2025-01-04,26799,premier,Southampton,Brentford,0,5,0.249614,5.54874,0.249614,4.78757,8,20,1,11,3.0,3.4,2.4
2025-01-04,26800,premier,Tottenham,Newcastle,1,2,1.00333,2.42963,1.00333,2.42963,13,14,4,4,2.88,3.8,2.25
2025-01-05,26796,premier,Fulham,Ipswich,2,2,2.65469,1.4434,1.13235,0.682234,15,7,4,3,1.55,4.2,5.75
2025-01-05,26797,premier,Liverpool,Man United,2,2,2.862,1.67469,2.10084,1.67469,19,13,6,4,1.29,6.25,8.0
2025-01-06,26801,premier,Wolves,Nott'm Forest,0,3,1.90463,2.57227,1.90463,2.57227,13,11,6,3,3.3,3.2,2.3
2025-01-14,26803,premier,Brentford,Man City,2,2,2.39088,2.65315,2.39088,2.65315,18,21,6,8,4.75,4.2,1.62
2025-01-14,26809,premier,Chelsea,Bournemouth,2,2,2.53808,1.14845,2.53808,0.387282,26,7,10,3,1.48,4.75,6.0
2025-01-14,26807,premier,Nott'm Forest,Liverpool,1,1,0.5292,2.72291,0.5292,2.72291,6,23,3,7,5.25,4.1,1.62
2025-01-14,26808,premier,West Ham,Fulham,3,2,0.937322,2.83581,0.937322,2.83581,4,21,3,5,3.0,3.4,2.38
2025-01-15,26802,premier,Arsenal,Tottenham,2,1,2.25501,0.777071,2.25501,0.777071,14,10,4,2,1.4,5.25,7.0
2025-01-15,26804,premier,Everton,Aston Villa,0,1,1.23126,1.28522,1.23126,1.28522,10,11,3,3,3.25,3.2,2.3
2025-01-15,26806,premier,Leicester,Crystal Palace,0,2,2.09904,2.2647,2.09904,2.2647,21,9,4,4,3.9,3.6,1.91
2025-01-15,26810,premier,Newcastle,Wolves,3,0,2.13327,1.47433,2.13327,1.47433,17,13,5,7,1.36,5.5,8.0
2025-01-16,26805,premier,Ipswich,Brighton,0,2,0.268127,1.06343,0.268127,1.06343,5,11,3,5,3.9,3.7,1.91
2025-01-16,26811,premier,Man United,Southampton,3,1,3.10847,1.36705,3.10847,1.36705,23,13,9,5,1.29,6.0,9.5
2025-01-18,26812,premier,Arsenal,Aston Villa,2,2,1.64458,1.20602,1.64458,1.20602,18,8,6,4,1.5,4.1,7.0
2025-01-18,26813,premier,Brentford,Liverpool,0,2,1.20021,4.16249,1.20021,4.16249,11,37,6,8,6.5,5.0,1.42
2025-01-18,26817,premier,Leicester,Fulham,0,2,0.676934,2.36823,0.676934,2.36823,8,17,4,2,4.33,3.7,1.8
2025-01-18,26819,premier,Newcastle,Bournemouth,1,4,0.837801,2.70174,0.837801,2.70174,13,19,5,10,1.62,4.2,5.0
2025-01-18,26821,premier,West Ham,Crystal Palace,0,2,0.221062,1.62561,0.221062,0.864444,7,12,0,7,2.6,3.5,2.63
2025-01-19,26815,premier,Everton,Tottenham,3,2,2.56089,1.35719,2.56089,1.35719,12,11,6,6,2.8,3.5,2.45
2025-01-19,26816,premier,Ipswich,Man City,0,6,0.795637,3.20228,0.795637,3.20228,8,17,4,9,7.5,5.25,1.36
2025-01-19,26818,premier,Man United,Brighton,1,3,1.31823,2.17172,0.557061,2.17172,10,6,1,3,2.1,3.6,3.3
2025-01-19,26820,premier,Nott'm Forest,Southampton,3,2,2.36419,1.25922,2.36419,1.25922,14,10,5,4,1.38,4.75,8.0
2025-01-20,26814,premier,Chelsea,Wolves,3,1,3.14882,1.06726,3.14882,1.06726,19,9,7,4,1.36,5.75,6.5
2025-01-25,26822,premier,Bournemouth,Nott'm Forest,5,0,2.8254,0.996166,2.8254,0.996166,16,18,10,4,2.05,3.7,3.4
2025-01-25,26824,premier,Brighton,Everton,0,1,0.64378,0.870883,0.64378,0.109715,16,3,1,1,1.67,3.75,5.5
2025-01-25,26827,premier,Liverpool,Ipswich,4,1,2.16809,0.804707,2.16809,0.804707,16,3,6,3,1.08,12.0,15.0
2025-01-25,26828,premier,Man City,Chelsea,3,1,2.23213,1.49843,2.23213,1.49843,15,10,6,4,2.05,4.0,3.3
2025-01-25,26829,premier,Southampton,Newcastle,1,3,0.825621,3.08319,0.825621,2.32202,12,17,5,9,6.5,5.25,1.42
2025-01-25,26831,premier,Wolves,Arsenal,0,1,0.514724,0.887358,0.514724,0.887358,9,9,4,3,7.0,4.5,1.45
2025-01-26,26823,premier,Aston Villa,West Ham,1,1,0.907851,1.67886,0.907851,1.67886,14,14,4,4,1.53,4.33,5.75
2025-01-26,26825,premier,Crystal Palace,Brentford,1,2,1.23177,1.92037,1.23177,1.1592,16,13,5,6,2.05,3.75,3.3
2025-01-26,26826,premier,Fulham,Man United,0,1,0.560571,0.201988,0.560571,0.201988,9,4,3,1,2.3,3.4,3.1
2025-01-26,26830,premier,Tottenham,Leicester,1,2,1.27483,1.40469,1.27483,1.40469,15,12,6,3,1.45,5.5,5.5
2025-02-01,26832,premier,Bournemouth,Liverpool,0,2,1.65273,2.7219,1.65273,1.96073,14,19,3,7,4.5,4.33,1.67
2025-02-01,26836,premier,Everton,Leicester,4,0,3.11261,0.447136,3.11261,0.447136,13,9,7,1,1.75,3.75,4.5
2025-02-01,26837,premier,Ipswich,Southampton,1,2,1.94845,1.17566,1.94845,1.17566,15,9,6,4,1.95,3.6,3.8
2025-02-01,26839,premier,Newcastle,Fulham,1,2,1.22716,1.60881,1.22716,1.60881,11,15,4,4,1.7,4.0,4.75
2025-02-01,26840,premier,Nott'm Forest,Brighton,7,0,4.0677,0.756296,3.30653,0.756296,14,10,9,5,2.38,3.5,2.8
2025-02-01,26841,premier,Wolves,Aston Villa,2,0,2.00146,0.742809,2.00146,0.742809,8,10,5,3,3.3,3.6,2.1
2025-02-02,26833,premier,Arsenal,Man City,5,1,1.53202,0.743191,1.53202,0.743191,12,7,7,4,1.95,3.5,4.0
2025-02-02,26834,premier,Brentford,Tottenham,0,2,1.66475,0.945355,1.66475,0.945355,20,13,4,2,2.1,3.9,3.2
2025-02-02,26838,premier,Man United,Crystal Palace,0,2,1.50706,2.44633,1.50706,2.44633,17,11,2,3,2.0,3.5,3.8
2025-02-03,26835,premier,Chelsea,West Ham,2,1,1.39066,1.1868,1.39066,1.1868,22,14,3,5,1.36,4.75,8.0
2025-02-12,26748,premier,Everton,Liverpool,2,2,0.910523,0.929103,0.910523,0.929103,10,6,3,4,7.5,4.5,1.44
2025-02-14,26843,premier,Brighton,Chelsea,3,0,2.06892,0.649788,2.06892,0.649788,13,8,5,0,2.7,3.6,2.45
2025-02-15,26842,premier,Aston Villa,Ipswich,1,1,2.89841,0.332864,2.89841,0.332864,25,4,6,3,1.4,4.75,7.0
2025-02-15,26844,premier,Crystal Palace,Everton,1,2,2.30646,1.01565,2.30646,1.01565,17,11,6,6,1.8,3.4,5.0
2025-02-15,26845,premier,Fulham,Nott'm Forest,2,1,2.20993,0.331301,2.20993,0.331301,24,8,10,2,2.2,3.4,3.3
2025-02-15,26846,premier,Leicester,Arsenal,0,2,0.233209,1.75,0.233209,1.75,6,11,2,5,8.5,5.0,1.33
2025-02-15,26848,premier,Man City,Newcastle,4,0,2.12004,0.157211,2.12004,0.157211,11,3,7,1,1.95,4.2,3.3
2025-02-15,26849,premier,Southampton,Bournemouth,1,3,0.974418,2.08722,0.974418,2.08722,11,14,4,7,6.0,4.5,1.5
2025-02-15,26851,premier,West Ham,Brentford,0,1,0.673466,1.96499,0.673466,1.96499,13,14,3,5,2.35,3.6,2.88
2025-02-16,26847,premier,Liverpool,Wolves,2,1,1.86758,1.05329,1.10642,1.05329,10,16,3,4,1.15,8.0,12.0
2025-02-16,26850,premier,Tottenham,Man United,1,0,1.97109,1.42652,1.97109,1.42652,22,16,7,6,2.45,3.75,2.62
2025-02-19,26884,premier,Aston Villa,Liverpool,2,2,1.02269,2.04279,1.02269,2.04279,9,17,4,3,3.9,4.0,1.83
2025-02-21,26858,premier,Leicester,Brentford,0,4,0.727901,2.03465,0.727901,2.03465,8,14,3,6,3.6,3.8,1.91
2025-02-22,26853,premier,Arsenal,West Ham,0,1,1.37264,1.02684,1.37264,1.02684,20,5,2,2,1.27,6.0,10.0
2025-02-22,26854,premier,Aston Villa,Chelsea,2,1,2.69413,2.17418,2.69413,2.17418,12,15,6,7,2.63,3.4,2.6
2025-02-22,26852,premier,Bournemouth,Wolves,0,1,0.629691,2.10124,0.629691,2.10124,8,13,3,5,1.53,4.5,5.5
2025-02-22,26855,premier,Everton,Man United,2,2,2.10444,0.645685,2.10444,0.645685,9,9,8,3,2.5,3.2,2.9
2025-02-22,26856,premier,Fulham,Crystal Palace,0,2,0.23426,1.46203,0.23426,1.46203,10,10,0,5,2.05,3.4,3.7
2025-02-22,26857,premier,Ipswich,Tottenham,1,4,1.15389,1.58741,1.15389,1.58741,17,10,5,6,4.1,3.6,1.9
2025-02-22,26861,premier,Southampton,Brighton,0,4,0.154147,5.12018,0.154147,5.12018,6,18,1,12,6.0,4.1,1.55
2025-02-23,26859,premier,Man City,Liverpool,0,2,0.58248,0.807058,0.58248,0.807058,16,8,5,4,2.88,3.8,2.25
2025-02-23,26860,premier,Newcastle,Nott'm Forest,4,3,3.45858,2.38603,2.69741,2.38603,13,17,5,5,1.8,3.8,4.2
2025-02-25,26863,premier,Brighton,Bournemouth,2,1,2.57927,1.70169,1.8181,1.70169,11,19,4,5,2.0,3.8,3.3
2025-02-25,26869,premier,Chelsea,Southampton,4,0,2.98234,0.845039,2.98234,0.845039,19,7,10,2,1.17,8.0,13.0
2025-02-25,26868,premier,Crystal Palace,Aston Villa,4,1,4.02522,0.667217,4.02522,0.667217,19,6,6,2,2.45,3.4,2.8
2025-02-25,26867,premier,Wolves,Fulham,1,2,0.928973,1.43473,0.928973,1.43473,18,11,5,5,2.63,3.3,2.63
2025-02-26,26862,premier,Brentford,Everton,1,1,1.34009,1.44955,1.34009,1.44955,12,14,3,4,2.0,3.7,3.5
2025-02-26,26870,premier,Liverpool,Newcastle,2,0,1.40027,0.45882,1.40027,0.45882,12,3,3,0,1.5,4.5,5.75
2025-02-26,26871,premier,Man United,Ipswich,3,2,1.40202,1.04498,1.40202,1.04498,10,12,6,3,1.53,4.33,6.0
2025-02-26,26864,premier,Nott'm Forest,Arsenal,0,0,0.508611,1.31766,0.508611,1.31766,6,13,2,1,3.9,3.6,1.95
2025-02-26,26865,premier,Tottenham,Man City,0,1,1.28426,2.38641,1.28426,2.38641,11,12,6,5,3.25,4.0,2.0
2025-02-27,26866,premier,West Ham,Leicester,2,0,1.70437,0.289578,1.70437,0.289578,8,10,2,2,1.62,4.2,5.0
2025-03-08,26872,premier,Brentford,Aston Villa,0,1,0.637743,1.29638,0.637743,1.29638,13,12,3,4,2.2,3.8,2.9
2025-03-08,26873,premier,Brighton,Fulham,2,1,1.94417,0.708227,1.183,0.708227,9,6,4,1,1.95,3.6,3.75
2025-03-08,26875,premier,Crystal Palace,Ipswich,1,0,3.13879,1.63282,3.13879,1.63282,19,15,4,8,1.45,4.75,6.25
2025-03-08,26876,premier,Liverpool,Southampton,3,1,4.98996,0.511566,3.46762,0.511566,28,6,7,4,1.1,9.0,19.0
2025-03-08,26878,premier,Nott'm Forest,Man City,1,0,0.501476,0.721234,0.501476,0.721234,9,14,4,3,4.0,3.75,1.85
2025-03-08,26881,premier,Wolves,Everton,1,1,0.812432,1.3672,0.812432,1.3672,11,12,3,4,2.6,3.1,2.88
2025-03-09,26874,premier,Chelsea,Leicester,1,0,1.76844,0.108487,1.00727,0.108487,20,3,7,3,1.18,8.0,12.0
2025-03-09,26877,premier,Man United,Arsenal,1,1,1.31107,1.82996,1.31107,1.82996,10,17,6,6,5.75,3.5,1.7
2025-03-09,26879,premier,Tottenham,Bournemouth,2,2,1.35053,2.22536,0.589359,2.22536,12,17,4,8,2.7,3.9,2.35
2025-03-10,26880,premier,West Ham,Newcastle,0,1,0.823986,1.62976,0.823986,1.62976,9,9,2,3,3.25,3.4,2.2
2025-03-15,26882,premier,Bournemouth,Brentford,1,2,2.02714,1.60321,2.02714,1.60321,17,10,5,4,1.73,4.2,4.2
2025-03-15,26885,premier,Everton,West Ham,1,1,1.189,0.516029,1.189,0.516029,13,10,5,5,2.05,3.2,3.9
2025-03-15,26887,premier,Ipswich,Nott'm Forest,2,4,0.520839,1.30722,0.520839,1.30722,11,11,4,6,3.75,3.5,2.0
2025-03-15,26889,premier,Man City,Brighton,2,2,2.02642,2.11119,1.26525,2.11119,11,15,3,3,1.67,4.33,4.5
2025-03-15,26891,premier,Southampton,Wolves,1,2,1.2821,0.540718,1.2821,0.540718,10,5,3,3,3.7,3.4,2.0
2025-03-16,26883,premier,Arsenal,Chelsea,1,0,0.695725,0.286036,0.695725,0.286036,12,8,4,2,1.8,3.6,4.5
2025-03-16,26886,premier,Fulham,Tottenham,2,0,1.03966,1.40865,1.03966,1.40865,13,12,4,4,2.0,3.75,3.6
2025-03-16,26888,premier,Leicester,Man United,0,3,1.30455,1.13892,1.30455,1.13892,11,18,3,5,4.5,3.5,1.83
2025-04-01,26892,premier,Arsenal,Fulham,2,1,2.30189,1.44206,2.30189,1.44206,17,9,4,3,1.48,4.33,7.0
2025-04-01,26894,premier,Nott'm Forest,Man United,1,0,0.512063,1.86688,0.512063,1.86688,8,23,2,6,2.3,3.4,3.1
2025-04-01,26895,premier,Wolves,West Ham,1,0,1.10359,1.73057,1.10359,1.73057,9,10,2,1,2.5,3.2,2.9
2025-04-02,26896,premier,Bournemouth,Ipswich,1,2,1.99637,1.41263,1.99637,1.41263,24,10,7,2,1.36,5.25,7.5
2025-04-02,26893,premier,Brighton,Aston Villa,0,3,0.558009,1.20715,0.558009,1.20715,11,8,4,5,2.05,3.8,3.25
2025-04-02,26901,premier,Liverpool,Everton,1,0,1.29718,0.823136,1.29718,0.823136,17,5,3,0,1.36,5.0,8.0
2025-04-02,26898,premier,Man City,Leicester,2,0,2.07165,0.104741,2.07165,0.104741,18,2,5,0,1.2,8.0,10.0
2025-04-02,26899,premier,Newcastle,Brentford,2,1,2.26584,1.53201,2.26584,0.770838,21,12,4,3,1.73,4.5,4.0
2025-04-02,26900,premier,Southampton,Crystal Palace,1,1,0.687304,0.93776,0.687304,0.93776,8,9,2,3,5.75,3.8,1.62
2025-04-03,26897,premier,Chelsea,Tottenham,1,0,1.30443,1.40274,1.30443,1.40274,11,8,5,2,1.65,4.5,4.5
2025-04-05,26902,premier,Aston Villa,Nott'm Forest,2,1,2.63349,0.96769,2.63349,0.96769,17,19,8,3,1.95,3.6,3.7
2025-04-05,26904,premier,Crystal Palace,Brighton,2,1,0.443965,1.27226,0.443965,1.27226,8,11,3,5,2.35,3.6,2.8
2025-04-05,26905,premier,Everton,Arsenal,1,1,1.22875,1.4031,0.467577,1.4031,5,14,2,5,5.25,3.25,1.75
2025-04-05,26907,premier,Ipswich,Wolves,1,2,0.872356,2.8096,0.872356,2.8096,6,22,2,7,2.7,3.25,2.63
2025-04-05,26911,premier,West Ham,Bournemouth,2,2,0.907832,1.94869,0.907832,1.94869,9,11,3,4,3.0,3.5,2.3
2025-04-06,26903,premier,Brentford,Chelsea,0,0,1.36123,1.47829,1.36123,1.47829,9,21,2,5,3.2,3.6,2.15
2025-04-06,26906,premier,Fulham,Liverpool,3,2,1.72764,1.40638,1.72764,1.40638,12,14,6,6,4.5,3.5,1.83
2025-04-06,26909,premier,Man United,Man City,0,0,1.23317,0.687894,1.23317,0.687894,13,9,2,5,3.4,3.6,2.1
2025-04-06,26910,premier,Tottenham,Southampton,3,1,2.648,0.780439,1.88683,0.780439,13,12,8,4,1.38,5.5,6.5
2025-04-07,26908,premier,Leicester,Newcastle,0,3,0.354575,3.44111,0.354575,3.44111,7,16,2,5,6.5,4.2,1.48
2025-04-12,26913,premier,Arsenal,Brentford,1,1,0.767369,0.588583,0.767369,0.588583,14,3,3,2,1.6,4.33,5.0
2025-04-12,26914,premier,Brighton,Leicester,2,2,3.6978,1.98444,2.17546,1.98444,21,15,7,6,1.29,6.0,10.0
2025-04-12,26917,premier,Man City,Crystal Palace,5,2,4.59724,1.33808,4.59724,1.33808,21,8,9,3,1.5,4.75,5.75
2025-04-12,26920,premier,Nott'm Forest,Everton,0,1,0.423949,1.26036,0.423949,1.26036,10,13,5,5,2.1,3.3,3.7
2025-04-12,26921,premier,Southampton,Aston Villa,0,3,0.412256,2.99927,0.412256,1.36951,7,25,2,10,6.0,4.2,1.55
2025-04-13,26915,premier,Chelsea,Ipswich,2,2,2.90758,1.60301,2.90758,1.60301,34,13,9,4,1.27,7.0,8.5
2025-04-13,26916,premier,Liverpool,West Ham,2,1,1.42902,1.46598,1.42902,1.46598,15,11,6,4,1.3,6.0,8.0
2025-04-13,26918,premier,Newcastle,Man United,4,1,2.6383,0.786568,2.6383,0.786568,13,9,6,5,1.65,4.2,4.75
2025-04-13,26919,premier,Wolves,Tottenham,4,2,2.22977,1.62887,2.22977,1.62887,13,11,5,4,2.2,3.6,3.1
2025-04-14,26912,premier,Bournemouth,Fulham,1,0,1.8577,1.07203,1.8577,1.07203,12,12,3,7,2.15,3.5,3.3
2025-04-16,26890,premier,Newcastle,Crystal Palace,5,0,2.32947,2.37548,2.32947,1.61431,14,11,7,4,1.67,3.9,5.0
2025-04-19,26922,premier,Aston Villa,Newcastle,4,1,3.05371,1.27176,3.05371,1.27176,23,10,9,3,2.3,3.6,2.75
2025-04-19,26923,premier,Brentford,Brighton,4,2,2.95516,1.24107,2.95516,1.24107,16,12,8,3,2.4,3.75,2.63
2025-04-19,26924,premier,Crystal Palace,Bournemouth,0,0,0.337818,0.664093,0.337818,0.664093,5,15,0,4,2.45,3.6,2.63
2025-04-19,26925,premier,Everton,Man City,0,2,0.81683,1.87989,0.81683,1.87989,8,12,3,7,3.7,3.6,1.91
2025-04-19,26931,premier,West Ham,Southampton,1,1,0.98423,0.922877,0.98423,0.922877,12,15,4,4,1.48,4.33,6.5
2025-04-20,26926,premier,Fulham,Chelsea,1,2,0.306122,0.75172,0.306122,0.75172,6,13,1,8,2.7,3.7,2.35
2025-04-20,26927,premier,Ipswich,Arsenal,0,4,0.192879,2.81362,0.192879,2.81362,4,24,0,7,8.0,4.5,1.4
2025-04-20,26928,premier,Leicester,Liverpool,0,1,0.232205,4.52706,0.232205,4.52706,5,28,0,10,11.0,6.25,1.22
2025-04-20,26929,premier,Man United,Wolves,0,1,1.13966,0.187814,1.13966,0.187814,12,4,2,2,2.0,3.6,3.6
2025-04-21,26930,premier,Tottenham,Nott'm Forest,1,2,2.4024,0.557682,2.4024,0.557682,22,4,6,3,2.45,3.6,2.63
2025-04-22,26937,premier,Man City,Aston Villa,2,1,1.36232,1.85906,1.36232,1.09789,14,7,6,3,1.8,4.1,3.9
2025-04-23,26933,premier,Arsenal,Crystal Palace,2,2,1.92149,2.50515,1.92149,2.50515,12,15,6,4,1.4,4.75,7.5
2025-04-26,26934,premier,Brighton,West Ham,3,2,1.29433,1.24134,1.29433,1.24134,16,12,9,4,1.67,4.2,4.75
2025-04-26,26935,premier,Chelsea,Everton,1,0,0.768313,0.916838,0.768313,0.916838,10,6,7,3,1.55,4.0,6.0
2025-04-26,26938,premier,Newcastle,Ipswich,3,0,4.11539,0.127203,3.35423,0.127203,25,4,5,0,1.18,7.5,13.0
2025-04-26,26940,premier,Southampton,Fulham,1,2,0.935581,1.9956,0.935581,1.9956,7,26,3,5,5.25,4.0,1.6
2025-04-26,26941,premier,Wolves,Leicester,3,0,2.57666,1.04978,2.57666,0.288615,20,8,6,2,1.5,4.2,6.25
2025-04-27,26932,premier,Bournemouth,Man United,1,1,0.60995,1.91039,0.60995,1.91039,8,25,1,6,1.67,4.0,4.5
2025-04-27,26936,premier,Liverpool,Tottenham,5,1,2.51104,0.512812,2.51104,0.512812,25,8,8,3,1.25,6.0,11.0
2025-05-01,26939,premier,Nott'm Forest,Brentford,0,2,0.670607,1.52054,0.670607,1.52054,14,11,5,3,2.15,3.5,3.25
2025-05-02,26942,premier,Man City,Wolves,1,0,0.859463,0.622455,0.859463,0.622455,9,6,2,1,1.4,4.75,7.5
2025-05-03,26945,premier,Arsenal,Bournemouth,1,2,2.05484,1.41783,2.05484,1.41783,13,9,4,2,2.05,3.7,3.4
2025-05-03,26946,premier,Aston Villa,Fulham,1,0,1.29013,0.702787,1.29013,0.702787,10,11,3,3,1.77,3.75,4.5
2025-05-03,26950,premier,Everton,Ipswich,2,2,0.808481,1.14351,0.808481,1.14351,8,12,3,5,1.45,4.33,6.5
2025-05-03,26951,premier,Leicester,Southampton,2,0,1.60739,0.550774,1.60739,0.550774,14,8,4,2,2.3,3.6,2.88
2025-05-04,26947,premier,Brentford,Man United,4,3,3.58737,1.13404,3.58737,1.13404,12,14,6,5,1.65,4.1,4.75
2025-05-04,26944,premier,Brighton,Newcastle,1,1,0.687863,1.63777,0.687863,0.876604,5,13,2,5,2.88,3.7,2.3
2025-05-04,26948,premier,Chelsea,Liverpool,3,1,3.51944,1.4267,2.75828,1.4267,17,11,7,2,2.15,3.7,3.1
2025-05-04,26943,premier,West Ham,Tottenham,1,1,1.15166,0.847022,1.15166,0.847022,11,7,2,2,2.1,3.7,3.25
2025-05-05,26949,premier,Crystal Palace,Nott'm Forest,1,1,2.34037,0.63684,1.5792,0.63684,20,12,3,4,2.25,3.4,3.2
2025-05-10,26955,premier,Bournemouth,Aston Villa,0,1,1.02272,1.12376,1.02272,1.12376,10,6,4,3,2.4,3.6,2.75
2025-05-10,26953,premier,Fulham,Everton,1,3,1.20869,1.32604,1.20869,1.32604,18,11,6,7,1.82,3.4,4.5
2025-05-10,26954,premier,Ipswich,Brentford,0,1,0.717433,1.32077,0.717433,1.32077,11,15,4,5,5.0,4.0,1.65
2025-05-10,26959,premier,Southampton,Man City,0,0,0.136995,1.58463,0.136995,1.58463,2,26,0,5,11.0,7.5,1.2
2025-05-10,26961,premier,Wolves,Brighton,0,2,0.73395,1.41254,0.73395,0.651374,10,7,3,2,2.7,3.5,2.5
2025-05-11,26952,premier,Liverpool,Arsenal,2,2,2.74682,2.18795,2.74682,2.18795,14,15,5,7,2.0,3.6,3.6
2025-05-11,26956,premier,Man United,West Ham,0,2,2.31287,2.15985,2.31287,2.15985,20,9,5,4,1.9,3.6,4.0
2025-05-11,26957,premier,Newcastle,Chelsea,2,0,1.6703,0.646426,1.6703,0.646426,15,10,6,3,2.1,3.75,3.1
2025-05-11,26958,premier,Nott'm Forest,Leicester,2,2,1.76909,1.22949,1.76909,1.22949,15,10,4,6,1.33,5.25,8.0
2025-05-11,26960,premier,Tottenham,Crystal Palace,0,2,0.806792,3.98546,0.806792,3.98546,8,23,1,10,2.63,3.6,2.5
2025-05-16,26963,premier,Aston Villa,Tottenham,2,0,1.69061,0.523016,1.69061,0.523016,18,3,7,1,1.3,6.0,8.5
2025-05-16,26966,premier,Chelsea,Man United,1,0,1.29571,0.337632,1.29571,0.337632,11,4,3,1,1.44,5.0,6.25
2025-05-18,26962,premier,Arsenal,Newcastle,1,0,1.15958,2.24634,1.15958,2.24634,12,14,4,5,1.95,3.7,3.7
2025-05-18,26964,premier,Brentford,Fulham,2,3,2.43045,1.61741,1.66928,1.61741,11,16,6,7,1.91,3.9,3.6
2025-05-18,26968,premier,Everton,Southampton,2,0,2.67793,1.05025,2.67793,1.05025,13,6,5,2,1.4,4.75,7.5
2025-05-18,26969,premier,Leicester,Ipswich,2,0,0.788544,1.36957,0.788544,1.36957,9,20,3,2,2.3,3.6,2.9
2025-05-18,26971,premier,West Ham,Nott'm Forest,1,2,0.850457,2.14756,0.850457,2.14756,16,10,5,5,2.75,3.3,2.55
2025-05-19,26965,premier,Brighton,Liverpool,3,2,2.17789,3.065,2.17789,3.065,25,18,12,5,2.6,3.75,2.45
2025-05-20,26967,premier,Crystal Palace,Wolves,4,2,1.68451,1.42886,1.68451,1.42886,14,12,10,3,2.25,3.3,3.2
2025-05-20,26970,premier,Man City,Bournemouth,3,1,1.59779,0.962014,1.59779,0.962014,12,8,5,2,1.55,4.33,5.75
2025-05-25,26979,premier,Bournemouth,Leicester,2,0,2.72449,0.156702,2.72449,0.156702,20,3,7,0,1.33,5.25,8.5
2025-05-25,26981,premier,Fulham,Man City,0,2,2.21797,2.45923,2.21797,1.69806,13,20,3,5,5.0,4.2,1.6
2025-05-25,26980,premier,Ipswich,West Ham,1,3,0.893095,0.967379,0.893095,0.967379,14,10,4,6,3.0,3.8,2.2
2025-05-25,26975,premier,Liverpool,Crystal Palace,1,1,1.92122,1.4144,1.92122,1.4144,14,8,3,5,1.4,6.0,5.75
2025-05-25,26974,premier,Man United,Aston Villa,2,0,2.96259,0.335222,2.20143,0.335222,25,6,10,1,4.33,4.2,1.7
2025-05-25,26973,premier,Newcastle,Everton,0,1,1.1591,1.07279,1.1591,1.07279,17,14,6,6,1.33,5.5,8.5
2025-05-25,26972,premier,Nott'm Forest,Chelsea,0,1,1.58014,1.30874,1.58014,1.30874,10,6,2,2,3.0,3.75,2.2
2025-05-25,26977,premier,Southampton,Arsenal,1,2,0.598144,2.40711,0.598144,2.40711,7,23,2,8,8.5,6.0,1.3
2025-05-25,26976,premier,Tottenham,Brighton,1,4,1.85265,3.11624,1.09148,2.35507,4,23,2,8,4.2,4.33,1.7
2025-05-25,26978,premier,Wolves,Brentford,1,1,1.10889,1.97196,1.10889,1.97196,18,13,6,7,2.7,3.7,2.45
2025-08-15,28778,premier,Liverpool,Bournemouth,4,2,2.33007,1.57303,2.33007,1.57303,19,10,10,3,1.3,6.0,8.5
2025-08-16,28779,premier,Aston Villa,Newcastle,0,0,0.318601,1.40098,0.318601,1.40098,3,16,3,3,2.25,3.5,2.9
2025-08-16,28780,premier,Brighton,Fulham,1,1,1.44008,0.902883,0.678909,0.902883,10,7,4,2,1.91,3.6,4.0
2025-08-16,28781,premier,Sunderland,West Ham,3,0,0.724368,0.558948,0.724368,0.558948,10,12,5,4,3.25,3.4,2.25
2025-08-16,28782,premier,Tottenham,Burnley,3,0,1.97858,0.734138,1.97858,0.734138,16,14,6,4,1.38,4.75,8.5
2025-08-16,28783,premier,Wolves,Man City,0,4,0.519436,2.29903,0.519436,2.29903,9,15,3,4,6.25,4.75,1.45
2025-08-17,28784,premier,Chelsea,Crystal Palace,0,0,1.36793,1.03414,1.36793,1.03414,19,12,3,4,1.62,4.33,4.5
2025-08-17,28786,premier,Man United,Arsenal,0,1,1.37653,1.3304,1.37653,1.3304,22,9,7,3,3.6,3.6,1.95
2025-08-17,28785,premier,Nott'm Forest,Brentford,3,1,1.7555,1.32516,1.7555,0.563994,11,10,5,3,2.2,3.3,3.5
2025-08-18,28787,premier,Leeds,Everton,1,0,2.3812,0.674338,1.62003,0.674338,21,7,3,1,2.38,3.3,3.0
2025-08-22,28788,premier,West Ham,Chelsea,1,5,0.978572,3.94997,0.978572,3.94997,12,12,4,7,4.75,3.8,1.73
2025-08-23,28793,premier,Arsenal,Leeds,5,0,2.73761,0.156761,1.97644,0.156761,18,3,5,1,1.27,6.25,9.5
2025-08-23,28792,premier,Bournemouth,Wolves,1,0,1.78462,0.373367,1.78462,0.373367,14,6,4,1,1.8,3.8,4.2
2025-08-23,28790,premier,Brentford,Aston Villa,1,0,1.12964,0.976852,1.12964,0.976852,9,17,2,2,3.1,3.6,2.2
2025-08-23,28791,premier,Burnley,Sunderland,2,0,1.00381,1.12127,1.00381,1.12127,7,9,2,1,2.2,3.2,3.5
2025-08-23,28789,premier,Man City,Tottenham,0,2,1.2475,1.28015,1.2475,1.28015,10,12,4,5,1.48,4.5,6.25
2025-08-24,28794,premier,Crystal Palace,Nott'm Forest,1,1,1.10188,1.32987,1.10188,1.32987,8,9,4,1,2.35,3.3,3.1
2025-08-24,28795,premier,Everton,Brighton,2,0,1.80116,2.08487,1.80116,1.3237,11,13,3,4,3.1,3.3,2.3
2025-08-24,28796,premier,Fulham,Man United,1,1,1.65333,1.54603,1.65333,0.784858,13,10,4,3,3.25,3.5,2.15
2025-08-25,28797,premier,Newcastle,Liverpool,2,3,1.96342,0.646559,1.96342,0.646559,10,5,3,4,3.25,3.8,2.05
2025-08-30,28798,premier,Chelsea,Fulham,2,0,2.4324,0.736228,1.67123,0.736228,13,11,6,3,1.55,4.33,5.25
2025-08-30,28803,premier,Leeds,Newcastle,0,0,0.6773,0.303635,0.6773,0.303635,10,8,1,2,3.5,3.4,2.1
2025-08-30,28802,premier,Man United,Burnley,3,2,4.02237,1.32618,3.2612,1.32618,26,6,6,3,1.33,5.25,8.0
2025-08-30,28801,premier,Sunderland,Brentford,2,1,1.57127,1.44604,0.810099,0.684874,12,7,3,4,3.0,3.3,2.4
2025-08-30,28799,premier,Tottenham,Bournemouth,0,1,0.17067,2.1201,0.17067,2.1201,5,20,1,6,1.73,4.2,4.2
2025-08-30,28800,premier,Wolves,Everton,2,3,0.943257,2.03791,0.943257,2.03791,12,10,4,4,2.7,3.2,2.75
2025-08-31,28807,premier,Aston Villa,Crystal Palace,0,3,1.20586,2.59713,1.20586,1.83596,13,6,4,4,1.85,3.7,4.0
2025-08-31,28805,premier,Brighton,Man City,2,1,2.20864,2.13418,1.44747,2.13418,12,12,7,3,3.8,3.9,1.9
2025-08-31,28806,premier,Liverpool,Arsenal,1,0,0.481404,0.485679,0.481404,0.485679,9,11,3,1,2.2,3.5,3.2
2025-08-31,28804,premier,Nott'm Forest,West Ham,0,3,0.716018,2.236,0.716018,1.47483,11,12,3,8,1.67,3.75,5.25
2025-09-13,28808,premier,Arsenal,Nott'm Forest,3,0,2.8817,0.293681,2.8817,0.293681,16,5,5,1,1.38,5.0,8.0
2025-09-13,28810,premier,Bournemouth,Brighton,2,1,1.44187,0.624923,0.680706,0.624923,13,6,5,2,2.35,3.5,2.9
2025-09-13,28815,premier,Brentford,Chelsea,2,2,1.17533,0.755999,1.17533,0.755999,7,16,4,6,4.5,3.9,1.73
2025-09-13,28811,premier,Crystal Palace,Sunderland,0,0,1.75805,0.354129,1.75805,0.354129,14,6,6,0,1.65,3.75,5.75
2025-09-13,28812,premier,Everton,Aston Villa,0,0,1.8927,0.354327,1.8927,0.354327,20,7,2,1,2.45,3.3,2.9
2025-09-13,28813,premier,Fulham,Leeds,1,0,1.13979,0.830398,1.13979,0.830398,5,10,3,3,1.91,3.5,4.0
2025-09-13,28809,premier,Newcastle,Wolves,1,0,1.19186,0.375942,1.19186,0.375942,16,8,4,3,1.42,4.75,7.0
2025-09-13,28814,premier,West Ham,Tottenham,0,3,0.793248,1.51402,0.793248,1.51402,7,14,4,5,3.4,3.6,2.1
2025-09-14,28816,premier,Burnley,Liverpool,0,1,0.168041,2.79492,0.168041,2.03375,3,27,0,4,8.0,5.5,1.33
2025-09-14,28817,premier,Man City,Man United,3,0,1.99725,1.51915,1.99725,1.51915,13,12,6,2,1.75,4.0,4.2
2025-09-20,28821,premier,Brighton,Tottenham,2,2,1.40466,1.19181,1.40466,1.19181,12,11,4,3,2.25,3.7,3.0
2025-09-20,28822,premier,Burnley,Nott'm Forest,1,1,1.14159,0.830779,1.14159,0.830779,12,17,5,8,3.4,3.3,2.2
2025-09-20,28825,premier,Fulham,Brentford,3,1,1.52431,0.826556,1.52431,0.826556,14,8,3,3,2.0,3.4,3.8
2025-09-20,28818,premier,Liverpool,Everton,2,1,1.06166,0.721371,1.06166,0.721371,11,9,3,2,1.45,4.75,6.5
2025-09-20,28824,premier,Man United,Chelsea,2,1,1.34458,0.469843,1.34458,0.469843,11,5,4,1,2.6,3.8,2.45
2025-09-20,28819,premier,West Ham,Crystal Palace,1,2,0.466365,2.33565,0.466365,2.33565,8,18,3,3,2.88,3.5,2.38
2025-09-20,28820,premier,Wolves,Leeds,1,3,1.5661,0.456988,1.5661,0.456988,16,6,6,4,2.7,3.2,2.75
2025-09-21,28827,premier,Arsenal,Man City,1,1,0.718575,1.1227,0.718575,1.1227,12,5,3,3,1.85,3.9,3.8
2025-09-21,28823,premier,Bournemouth,Newcastle,0,0,0.55066,0.153629,0.55066,0.153629,11,4,2,1,2.5,3.5,2.7
2025-09-21,28826,premier,Sunderland,Aston Villa,1,1,0.938312,0.939354,0.938312,0.939354,14,12,4,2,3.4,3.5,2.1
2025-09-27,28828,premier,Brentford,Man United,3,1,2.78726,2.23609,2.78726,1.47492,10,14,8,6,3.4,3.8,2.0
2025-09-27,28829,premier,Chelsea,Brighton,1,3,2.02653,2.4751,2.02653,2.4751,13,12,3,3,1.85,3.8,3.8
2025-09-27,28830,premier,Crystal Palace,Liverpool,2,1,3.53323,3.10176,3.53323,3.10176,16,20,7,4,3.8,3.8,1.9
2025-09-27,28832,premier,Leeds,Bournemouth,2,2,2.04728,1.06033,2.04728,1.06033,19,12,8,5,3.1,3.25,2.38
2025-09-27,28833,premier,Man City,Burnley,5,1,3.22133,0.509491,3.22133,0.509491,21,9,8,2,1.17,7.5,15.0
2025-09-27,28834,premier,Nott'm Forest,Sunderland,0,1,1.4203,1.94154,1.4203,1.94154,22,11,6,3,1.75,3.75,4.5
2025-09-27,28835,premier,Tottenham,Wolves,1,1,0.818711,1.15951,0.818711,1.15951,10,9,3,3,1.5,4.5,6.0
2025-09-28,28831,premier,Aston Villa,Fulham,3,1,1.36575,0.952612,1.36575,0.952612,9,11,4,4,2.3,3.1,3.4
2025-09-28,28836,premier,Newcastle,Arsenal,1,2,0.739851,2.07048,0.739851,2.07048,8,20,3,7,3.6,3.4,2.1
2025-09-29,28837,premier,Everton,West Ham,1,1,0.909703,0.775766,0.909703,0.775766,12,14,6,3,1.7,3.75,5.0
2025-10-03,28838,premier,Bournemouth,Fulham,3,1,1.33458,0.84335,1.33458,0.84335,11,12,6,4,1.95,3.5,3.9
2025-10-04,28839,premier,Arsenal,West Ham,2,0,3.0585,0.864549,2.29733,0.864549,21,4,5,0,1.18,6.5,17.0
2025-10-04,28842,premier,Chelsea,Liverpool,2,1,1.23721,2.05981,1.23721,2.05981,12,12,6,2,2.8,3.75,2.3
2025-10-04,28844,premier,Leeds,Tottenham,1,2,1.48051,0.688198,1.48051,0.688198,16,9,4,3,2.7,3.5,2.5
2025-10-04,28845,premier,Man United,Sunderland,2,0,1.9298,0.807119,1.9298,0.807119,15,8,6,3,1.5,4.75,5.75
2025-10-05,28840,premier,Aston Villa,Burnley,2,1,1.73572,0.502292,1.73572,0.502292,15,5,7,2,1.6,4.0,5.75
2025-10-05,28841,premier,Brentford,Man City,0,1,0.693758,1.09647,0.693758,1.09647,6,10,1,4,4.75,4.5,1.62
2025-10-05,28843,premier,Everton,Crystal Palace,2,1,2.13876,2.17789,1.37759,2.17789,14,15,7,8,2.45,3.25,3.0
2025-10-05,28846,premier,Newcastle,Nott'm Forest,2,0,3.81662,0.337689,3.05545,0.337689,18,5,9,4,1.57,4.2,5.5
2025-10-05,28847,premier,Wolves,Brighton,1,1,0.369404,1.39158,0.369404,1.39158,6,17,3,6,3.6,3.7,2.0
2025-10-18,28848,premier,Brighton,Newcastle,2,1,0.857104,1.28313,0.857104,1.28313,13,16,5,3,2.63,3.4,2.6
2025-10-18,28849,premier,Burnley,Leeds,2,0,0.509647,2.33152,0.509647,2.33152,4,19,3,4,3.25,3.25,2.25
2025-10-18,28850,premier,Crystal Palace,Bournemouth,3,3,4.56284,2.0471,3.80167,2.0471,20,8,7,5,2.2,3.4,3.25
2025-10-18,28851,premier,Fulham,Arsenal,0,1,0.502332,2.07823,0.502332,2.07823,9,16,0,5,5.75,4.1,1.55
2025-10-18,28853,premier,Man City,Everton,2,0,2.4799,0.794622,2.4799,0.794622,19,5,7,1,1.4,5.0,7.0
2025-10-18,28854,premier,Nott'm Forest,Chelsea,0,3,2.0555,2.5583,2.0555,2.5583,12,17,2,6,3.7,3.8,1.95
2025-10-18,28855,premier,Sunderland,Wolves,2,0,1.02481,0.676323,1.02481,0.676323,8,16,2,3,2.5,3.0,3.1
2025-10-19,28852,premier,Liverpool,Man United,1,2,2.60972,2.53117,2.60972,2.53117,19,12,6,4,1.6,4.5,5.0
2025-10-19,28856,premier,Tottenham,Aston Villa,1,2,1.51461,0.352231,1.51461,0.352231,9,8,3,2,2.05,3.5,3.5
2025-10-20,28857,premier,West Ham,Brentford,0,2,0.260251,3.46635,0.260251,3.46635,7,22,1,7,2.5,3.25,2.88
2025-10-24,28864,premier,Leeds,West Ham,2,1,2.2214,0.498653,2.2214,0.498653,13,9,5,3,1.8,3.5,4.75
2025-10-25,28861,premier,Brentford,Liverpool,3,2,3.27126,2.11838,2.5101,2.11838,17,18,8,5,4.1,4.2,1.75
2025-10-25,28862,premier,Chelsea,Sunderland,1,2,1.21332,1.5506,1.21332,1.5506,16,10,7,4,1.36,4.75,9.0
2025-10-25,28865,premier,Man United,Brighton,4,2,1.96231,0.947154,1.96231,0.947154,13,17,9,5,1.95,3.8,3.5
2025-10-25,28866,premier,Newcastle,Fulham,2,1,2.76806,1.52001,2.76806,1.52001,18,12,7,5,1.62,3.9,5.5
2025-10-26,28859,premier,Arsenal,Crystal Palace,1,0,0.856175,0.350534,0.856175,0.350534,10,7,3,1,1.4,4.75,7.5
2025-10-26,28860,premier,Aston Villa,Man City,1,0,0.843906,1.36914,0.843906,1.36914,9,18,3,4,4.33,3.8,1.8
2025-10-26,28858,premier,Bournemouth,Nott'm Forest,2,0,0.656601,0.305493,0.656601,0.305493,13,8,5,4,1.8,3.8,4.33
2025-10-26,28863,premier,Everton,Tottenham,0,3,1.4032,2.09327,1.4032,2.09327,12,7,2,4,2.35,3.4,3.0
2025-10-26,28867,premier,Wolves,Burnley,2,3,2.58132,1.54544,1.82015,1.54544,15,11,7,7,1.95,3.3,4.2
2025-11-01,28868,premier,Brighton,Leeds,3,0,2.64127,0.35919,2.64127,0.35919,14,5,7,2,1.85,3.75,4.0
2025-11-01,28869,premier,Burnley,Arsenal,0,2,0.679177,2.51649,0.679177,2.51649,3,12,0,8,10.0,6.0,1.27
2025-11-01,28870,premier,Crystal Palace,Brentford,2,0,0.734558,0.820498,0.734558,0.820498,9,6,2,2,1.91,3.6,3.9
2025-11-01,28871,premier,Fulham,Wolves,3,0,1.91207,0.209934,1.91207,0.209934,19,5,6,2,1.83,3.5,4.5
2025-11-01,28872,premier,Liverpool,Aston Villa,2,0,1.47021,0.43502,1.47021,0.43502,16,10,4,3,1.65,4.33,4.5
2025-11-01,28874,premier,Nott'm Forest,Man United,2,2,1.55066,0.91622,1.55066,0.91622,17,18,3,7,3.3,3.75,2.05
2025-11-01,28876,premier,Tottenham,Chelsea,0,1,0.146954,3.34251,0.146954,3.34251,3,15,1,9,2.7,3.5,2.5
2025-11-02,28873,premier,Man City,Bournemouth,3,1,2.48999,0.899846,2.48999,0.899846,15,8,8,5,1.5,4.75,5.75
2025-11-02,28877,premier,West Ham,Newcastle,3,1,1.41383,0.523615,1.41383,0.523615,15,12,9,4,5.25,4.0,1.62
2025-11-03,28875,premier,Sunderland,Everton,1,1,1.18068,1.00741,1.18068,1.00741,17,8,3,2,2.7,3.2,2.7
2025-11-08,28880,premier,Chelsea,Wolves,3,0,3.98342,0.111462,3.98342,0.111462,20,3,8,0,1.36,4.75,8.5
2025-11-08,28882,premier,Everton,Fulham,2,0,2.30607,0.424478,2.30607,0.424478,14,8,5,4,2.2,3.3,3.4
2025-11-08,28885,premier,Sunderland,Arsenal,2,2,1.20495,2.32943,1.20495,2.32943,6,17,2,7,7.5,5.0,1.38
2025-11-08,28886,premier,Tottenham,Man United,2,2,1.35532,0.820256,1.35532,0.820256,10,5,4,2,2.63,3.6,2.5
2025-11-08,28887,premier,West Ham,Burnley,3,2,2.96728,1.87478,2.96728,1.87478,15,16,6,7,1.91,3.5,4.0
2025-11-09,28878,premier,Aston Villa,Bournemouth,4,0,1.88282,2.00992,1.88282,1.24875,16,13,8,4,2.2,3.4,3.25
2025-11-09,28879,premier,Brentford,Newcastle,3,1,2.73729,0.432277,1.97612,0.432277,15,5,7,1,2.8,3.5,2.45
2025-11-09,28881,premier,Crystal Palace,Brighton,0,0,0.839547,0.637037,0.839547,0.637037,10,7,2,3,2.25,3.5,3.1
2025-11-09,28883,premier,Man City,Liverpool,3,0,1.59542,1.0281,0.834247,1.0281,14,7,6,1,1.9,3.9,3.7
2025-11-09,28884,premier,Nott'm Forest,Leeds,3,1,2.49097,0.419461,1.72981,0.419461,14,10,6,3,2.25,3.25,3.3
2025-11-22,28888,premier,Bournemouth,West Ham,2,2,3.48299,0.390782,2.72182,0.390782,28,5,10,2,1.62,4.2,4.75
2025-11-22,28890,premier,Brighton,Brentford,2,1,0.977488,2.19979,0.977488,0.677448,14,10,5,4,1.91,3.6,4.0
2025-11-22,28891,premier,Burnley,Chelsea,0,2,0.660943,1.72093,0.660943,1.72093,8,15,2,5,6.25,4.5,1.48
2025-11-22,28892,premier,Fulham,Sunderland,1,0,2.83729,0.222768,2.83729,0.222768,24,4,6,2,2.1,3.25,3.75
2025-11-22,28894,premier,Liverpool,Nott'm Forest,0,3,1.79273,1.19459,1.79273,1.19459,21,15,4,7,1.44,5.0,6.25
2025-11-22,28896,premier,Newcastle,Man City,2,1,2.40555,2.45648,2.40555,2.45648,9,17,5,4,3.6,3.8,1.95
2025-11-22,28897,premier,Wolves,Crystal Palace,0,2,1.66409,1.44933,1.66409,1.44933,8,10,1,4,3.8,3.6,1.95
2025-11-23,28889,premier,Arsenal,Tottenham,4,1,2.27827,0.0300672,2.27827,0.0300672,17,3,8,2,1.42,4.75,7.5
2025-11-23,28893,premier,Leeds,Aston Villa,1,2,1.84668,1.35978,1.84668,1.35978,14,14,5,3,3.0,3.3,2.4
2025-11-24,28895,premier,Man United,Everton,0,1,2.2737,0.155063,2.2737,0.155063,25,3,6,1,1.75,4.0,4.33
2025-11-29,28899,premier,Brentford,Burnley,3,1,3.72106,0.874025,2.9599,0.112856,14,6,4,2,1.45,4.5,7.0
2025-11-29,28902,premier,Everton,Newcastle,1,4,1.01125,2.45882,1.01125,2.45882,10,13,2,8,2.8,3.25,2.63
2025-11-29,28903,premier,Man City,Leeds,3,2,2.85292,1.75142,2.85292,0.840267,18,9,9,4,1.22,6.5,12.0
2025-11-29,28905,premier,Sunderland,Bournemouth,3,2,1.16955,1.79274,0.40842,1.79274,12,18,6,6,3.2,3.3,2.3
2025-11-29,28906,premier,Tottenham,Fulham,1,2,1.04396,0.494736,1.04396,0.494736,14,7,2,3,2.2,3.3,3.3
2025-11-30,28898,premier,Aston Villa,Wolves,1,0,1.15486,0.692588,1.15486,0.692588,16,9,6,4,1.5,4.33,6.5
2025-11-30,28900,premier,Chelsea,Arsenal,1,1,0.791914,1.22828,0.791914,1.22828,11,8,4,4,3.4,3.3,2.2
2025-11-30,28901,premier,Crystal Palace,Man United,1,2,2.13561,1.47768,1.37444,1.47768,14,14,3,6,2.3,3.4,3.1
2025-11-30,28904,premier,Nott'm Forest,Brighton,0,2,0.960325,2.0572,0.960325,2.0572,19,17,3,6,2.75,3.3,2.63
2025-11-30,28907,premier,West Ham,Liverpool,0,2,0.364152,1.56793,0.364152,1.56793,7,9,0,5,4.33,4.33,1.67
2025-12-02,28908,premier,Bournemouth,Everton,0,1,0.635415,1.19573,0.635415,1.19573,5,13,2,3,2.2,3.25,3.3
2025-12-02,28912,premier,Fulham,Man City,4,5,0.972635,1.96225,0.972635,1.96225,12,11,6,4,4.33,4.1,1.73
2025-12-02,28916,premier,Newcastle,Tottenham,2,2,1.88558,1.05205,1.12441,1.05205,19,8,7,2,1.83,3.8,4.1
2025-12-03,28909,premier,Arsenal,Brentford,2,0,2.63126,0.588716,2.63126,0.588716,15,6,7,1,1.36,5.0,8.5
2025-12-03,28910,premier,Brighton,Aston Villa,3,4,1.96298,3.15745,1.96298,3.15745,16,14,7,10,2.15,3.5,3.4
2025-12-03,28911,premier,Burnley,Crystal Palace,0,1,1.16852,0.987797,1.16852,0.987797,11,3,4,3,4.5,3.8,1.75
2025-12-03,28913,premier,Leeds,Chelsea,3,1,2.2047,0.964018,2.2047,0.964018,17,14,5,2,4.1,4.1,1.8
2025-12-03,28914,premier,Liverpool,Sunderland,1,1,1.37633,0.712662,1.37633,0.712662,23,9,4,6,1.36,5.25,7.0
2025-12-03,28917,premier,Wolves,Nott'm Forest,0,1,1.02461,1.12389,1.02461,1.12389,5,10,1,3,3.25,3.4,2.25
2025-12-04,28915,premier,Man United,West Ham,1,1,2.27674,1.36584,2.27674,1.36584,17,11,4,3,1.45,5.0,6.0
2025-12-06,28919,premier,Aston Villa,Arsenal,2,1,2.71986,1.85965,2.71986,1.85965,15,15,6,9,4.2,3.5,1.9
2025-12-06,28918,premier,Bournemouth,Chelsea,0,0,1.41931,0.672602,1.41931,0.672602,13,11,5,4,3.1,3.75,2.15
2025-12-06,28921,premier,Everton,Nott'm Forest,3,0,1.25348,0.31234,1.25348,0.31234,11,7,5,3,2.2,3.2,3.5
2025-12-06,28923,premier,Leeds,Liverpool,3,3,1.79333,2.04805,1.03216,2.04805,12,16,5,7,3.8,4.0,1.85
2025-12-06,28924,premier,Man City,Sunderland,3,0,2.41605,0.626486,2.41605,0.626486,18,8,6,1,1.25,6.5,10.0
2025-12-06,28925,premier,Newcastle,Burnley,2,1,1.80708,1.58375,1.04591,0.822586,17,9,7,3,1.27,6.0,9.5
2025-12-06,28926,premier,Tottenham,Brentford,2,0,2.42388,0.470563,2.42388,0.470563,15,4,7,1,2.3,3.5,3.0
2025-12-07,28920,premier,Brighton,West Ham,1,1,2.10077,1.7064,2.10077,1.7064,22,14,4,5,1.55,4.33,5.75
2025-12-07,28922,premier,Fulham,Crystal Palace,1,2,0.766771,1.71109,0.766771,1.71109,12,11,4,5,2.55,3.3,2.8
2025-12-08,28927,premier,Wolves,Man United,1,4,0.262147,4.04708,0.262147,3.28591,8,27,2,10,4.2,4.0,1.75
2025-12-13,28928,premier,Arsenal,Wolves,2,1,1.61796,0.61997,1.61796,0.61997,16,3,2,2,1.13,8.5,21.0
2025-12-13,28930,premier,Burnley,Fulham,2,3,2.05486,1.65053,2.05486,1.65053,16,6,8,4,4.0,3.5,1.91
2025-12-13,28931,premier,Chelsea,Everton,2,0,2.64457,1.34,2.64457,1.34,17,11,5,2,1.67,3.8,5.25
2025-12-13,28933,premier,Liverpool,Brighton,2,0,2.4127,1.69004,2.4127,1.69004,18,14,4,1,1.67,4.0,4.75
2025-12-14,28929,premier,Brentford,Leeds,1,1,0.697006,1.63409,0.697006,1.63409,7,18,2,4,1.91,3.6,4.0
2025-12-14,28932,premier,Crystal Palace,Man City,0,3,1.30092,1.35317,1.30092,0.591996,16,7,4,6,3.9,3.9,1.85
2025-12-14,28935,premier,Nott'm Forest,Tottenham,3,0,2.32658,0.380246,2.32658,0.380246,15,6,6,1,2.55,3.3,2.8
2025-12-14,28936,premier,Sunderland,Newcastle,1,0,0.630045,0.169329,0.630045,0.169329,5,6,1,2,3.3,3.3,2.25
2025-12-14,28937,premier,West Ham,Aston Villa,2,3,1.27701,0.595093,1.27701,0.595093,10,7,3,4,3.75,3.5,2.0
2025-12-15,28934,premier,Man United,Bournemouth,4,4,3.21204,2.35196,3.21204,2.35196,25,14,9,9,1.83,4.0,3.8
2025-12-20,28938,premier,Bournemouth,Burnley,1,1,1.81847,0.480528,1.81847,0.480528,16,4,1,1,1.48,4.33,6.5
2025-12-20,28940,premier,Brighton,Sunderland,0,0,0.919272,1.31044,0.919272,1.31044,16,14,4,6,1.67,4.0,5.25
2025-12-20,28941,premier,Everton,Arsenal,0,1,0.213273,1.84723,0.213273,1.08606,5,13,1,2,5.75,4.1,1.57
2025-12-20,28943,premier,Leeds,Crystal Palace,4,1,2.90786,1.53058,2.90786,0.769407,20,9,8,3,2.6,3.3,2.75
2025-12-20,28944,premier,Man City,West Ham,3,0,3.58188,1.02143,3.58188,1.02143,17,7,8,3,1.22,8.0,10.0
2025-12-20,28945,premier,Newcastle,Chelsea,2,2,2.87863,1.0261,2.87863,1.0261,11,13,5,4,2.75,3.6,2.45
2025-12-20,28946,premier,Tottenham,Liverpool,1,2,1.34905,1.23164,1.34905,1.23164,15,8,4,4,3.5,3.75,2.0
2025-12-20,28947,premier,Wolves,Brentford,0,2,1.26823,1.56309,0.507064,1.56309,9,7,2,6,3.5,3.6,2.05
2025-12-21,28939,premier,Aston Villa,Man United,2,1,1.86917,1.30455,1.86917,1.30455,12,15,4,6,2.1,3.6,3.3
2025-12-22,28942,premier,Fulham,Nott'm Forest,1,0,1.70568,0.486296,0.944508,0.486296,11,12,1,2,2.4,3.25,3.0
2025-12-26,28954,premier,Man United,Newcastle,1,0,0.940811,1.12998,0.940811,1.12998,10,16,4,3,2.55,3.6,2.6
2025-12-27,28948,premier,Arsenal,Brighton,2,1,2.54318,0.710064,2.54318,0.710064,24,8,6,3,1.42,4.75,7.0
2025-12-27,28949,premier,Brentford,Bournemouth,4,1,2.8513,2.56183,2.8513,2.56183,15,20,7,10,2.25,3.6,3.0
2025-12-27,28950,premier,Burnley,Everton,0,0,1.24948,1.25204,1.24948,1.25204,16,15,0,6,4.1,3.4,1.95
2025-12-27,28951,premier,Chelsea,Aston Villa,1,2,1.97155,2.05918,1.97155,2.05918,14,11,3,8,1.83,3.9,4.0
2025-12-27,28953,premier,Liverpool,Wolves,2,1,1.56502,0.780664,1.56502,0.780664,14,9,4,4,1.25,6.5,10.0
2025-12-27,28955,premier,Nott'm Forest,Man City,1,2,0.600141,1.46468,0.600141,1.46468,7,16,2,5,5.0,4.33,1.6
2025-12-27,28957,premier,West Ham,Fulham,0,1,1.13719,1.11436,1.13719,1.11436,11,15,2,4,2.63,3.4,2.6
2025-12-28,28952,premier,Crystal Palace,Tottenham,0,1,0.929681,0.870768,0.929681,0.870768,15,8,2,4,2.25,3.25,3.2
2025-12-28,28956,premier,Sunderland,Leeds,1,1,0.805957,2.60653,0.805957,2.60653,8,17,3,6,2.5,3.1,2.88
2025-12-30,28958,premier,Arsenal,Aston Villa,4,1,4.41335,2.94195,4.41335,2.94195,22,11,7,3,1.42,4.75,7.0
2025-12-30,28960,premier,Burnley,Newcastle,1,3,1.32551,2.49248,1.32551,2.49248,15,20,4,9,5.25,4.2,1.6
2025-12-30,28961,premier,Chelsea,Bournemouth,2,2,2.33294,3.49142,1.57177,3.49142,17,17,3,6,1.5,4.75,5.75
2025-12-30,28964,premier,Man United,Wolves,1,1,1.13306,1.21784,1.13306,1.21784,15,11,6,4,1.36,5.25,8.0
2025-12-30,28965,premier,Nott'm Forest,Everton,0,2,1.75445,1.69525,1.75445,1.69525,21,11,6,3,2.1,3.25,3.7
2025-12-30,28967,premier,West Ham,Brighton,2,2,2.27644,3.08914,1.51527,1.56681,10,16,4,6,3.4,3.75,2.0
2026-01-01,28959,premier,Brentford,Tottenham,0,0,0.556304,0.608309,0.556304,0.608309,7,9,2,3,2.1,3.6,3.2
2026-01-01,28962,premier,Crystal Palace,Fulham,1,1,2.35346,1.75434,2.35346,1.75434,11,17,2,5,2.15,3.3,3.4
2026-01-01,28963,premier,Liverpool,Leeds,0,0,1.67833,0.15936,1.67833,0.15936,19,4,4,2,1.55,4.5,5.5
2026-01-01,28966,premier,Sunderland,Man City,0,0,0.962141,2.44247,0.962141,2.44247,10,14,4,4,7.5,4.75,1.38
2026-01-03,28972,premier,Aston Villa,Nott'm Forest,3,1,1.42988,0.8982,1.42988,0.8982,11,10,4,5,1.75,3.9,4.5
2026-01-03,28971,premier,Bournemouth,Arsenal,2,3,0.947846,1.28,0.947846,1.28,15,12,3,5,6.5,4.75,1.44
2026-01-03,28973,premier,Brighton,Burnley,2,0,1.4717,0.254551,1.4717,0.254551,15,5,4,3,1.48,4.33,7.0
2026-01-03,28970,premier,Wolves,West Ham,3,0,2.23925,0.235678,1.47808,0.235678,11,6,8,0,2.5,3.3,2.88
2026-01-04,28974,premier,Everton,Brentford,2,4,1.00566,3.05179,1.00566,3.05179,14,11,6,7,2.35,3.25,3.1
2026-01-04,28975,premier,Fulham,Liverpool,2,2,0.609182,1.7188,0.609182,1.7188,8,10,2,2,3.8,3.75,1.91
2026-01-04,28976,premier,Leeds,Man United,1,1,0.970138,1.94781,0.970138,1.94781,11,15,3,2,2.7,3.3,2.63
2026-01-04,28977,premier,Man City,Chelsea,1,1,1.03049,2.03726,1.03049,2.03726,14,8,3,3,1.6,4.75,4.5
2026-01-04,28968,premier,Newcastle,Crystal Palace,2,0,2.72764,1.27825,2.72764,1.27825,12,11,7,1,1.7,3.9,4.75
2026-01-04,28969,premier,Tottenham,Sunderland,1,1,1.4175,0.467481,1.4175,0.467481,13,10,5,3,1.8,3.6,4.5
2026-01-06,28987,premier,West Ham,Nott'm Forest,1,2,1.73697,1.26683,1.73697,0.505666,14,13,3,5,2.88,3.25,2.2
2026-01-07,28979,premier,Bournemouth,Tottenham,3,2,1.19014,1.6261,1.19014,1.6261,11,16,3,4,2.1,3.6,3.3
2026-01-07,28981,premier,Brentford,Sunderland,3,0,3.86096,1.50644,3.86096,0.745273,18,11,6,3,1.85,3.5,4.33
2026-01-07,28982,premier,Burnley,Man United,2,2,0.31971,2.52488,0.31971,2.52488,7,30,1,10,4.75,4.0,1.7
2026-01-07,28983,premier,Crystal Palace,Aston Villa,0,0,1.32505,2.07015,1.32505,2.07015,11,15,5,3,3.1,3.3,2.3
2026-01-07,28978,premier,Everton,Wolves,1,1,1.63321,0.71329,1.63321,0.71329,13,13,2,4,1.75,3.5,5.0
2026-01-07,28984,premier,Fulham,Chelsea,2,1,1.06013,2.45107,1.06013,2.45107,16,14,5,6,3.4,3.6,2.05
2026-01-07,28985,premier,Man City,Brighton,1,1,2.95904,1.33162,2.19787,1.33162,22,6,6,3,1.4,5.25,6.5
2026-01-07,28986,premier,Newcastle,Leeds,4,3,2.43495,2.35318,1.67378,1.59201,18,14,8,6,1.67,3.8,5.0
2026-01-08,28980,premier,Arsenal,Liverpool,0,0,0.701832,0.318642,0.701832,0.318642,9,8,4,0,1.6,4.1,5.0
2026-01-17,28990,premier,Chelsea,Brentford,2,0,1.62263,1.47521,0.861461,1.47521,6,15,2,5,1.73,4.0,4.75
2026-01-17,28991,premier,Leeds,Fulham,1,0,2.16898,0.258796,2.16898,0.258796,14,8,5,1,2.15,3.3,3.5
2026-01-17,28992,premier,Liverpool,Burnley,1,1,3.49045,0.546971,2.72928,0.546971,32,7,11,1,1.22,6.5,11.0
2026-01-17,28993,premier,Man United,Man City,2,0,3.07278,0.387015,3.07278,0.387015,11,7,7,1,3.7,3.8,1.91
2026-01-17,28994,premier,Nott'm Forest,Arsenal,0,0,0.318481,2.86323,0.318481,2.86323,6,15,0,3,6.0,4.33,1.53
2026-01-17,28995,premier,Sunderland,Crystal Palace,2,1,1.84601,1.15169,1.84601,1.15169,13,6,7,2,2.75,3.1,2.75
2026-01-17,28996,premier,Tottenham,West Ham,1,2,1.65292,2.76761,1.65292,2.76761,21,17,6,4,1.73,4.0,4.5
2026-01-18,28988,premier,Aston Villa,Everton,0,1,0.905393,0.745859,0.905393,0.745859,18,9,5,3,1.67,3.9,5.25
2026-01-18,28997,premier,Wolves,Newcastle,0,0,0.390216,0.813313,0.390216,0.813313,6,12,2,2,4.75,4.0,1.7
2026-01-19,28989,premier,Brighton,Bournemouth,1,1,0.995777,1.69737,0.995777,0.936204,17,11,5,2,1.85,3.9,3.8
2026-01-24,28998,premier,Bournemouth,Liverpool,3,2,3.31474,0.937335,3.31474,0.937335,12,14,5,4,3.75,3.8,1.9
2026-01-24,29001,premier,Burnley,Tottenham,2,2,1.54884,2.59093,1.54884,2.59093,9,18,4,11,3.7,3.5,2.05
2026-01-24,29004,premier,Fulham,Brighton,2,1,1.13243,1.94652,1.13243,1.94652,12,13,4,5,2.6,3.4,2.7
2026-01-24,29005,premier,Man City,Wolves,2,0,1.0654,0.542683,1.0654,0.542683,11,11,4,1,1.2,7.0,11.0
2026-01-24,29007,premier,West Ham,Sunderland,3,1,2.18675,0.713838,1.42558,0.713838,13,7,5,2,2.5,3.2,2.88
2026-01-25,28999,premier,Arsenal,Man United,2,3,1.42411,0.640902,1.42411,0.640902,15,10,4,3,1.55,4.2,6.0
2026-01-25,29000,premier,Brentford,Nott'm Forest,0,2,2.00413,1.38958,2.00413,1.38958,10,7,1,2,1.91,3.5,4.1
2026-01-25,29002,premier,Crystal Palace,Chelsea,1,3,2.41793,3.08817,2.41793,2.327,13,10,7,6,3.5,3.8,2.0
2026-01-25,29006,premier,Newcastle,Aston Villa,0,2,1.95484,1.32143,1.95484,1.32143,15,14,4,8,1.95,3.7,3.7
2026-01-26,29003,premier,Everton,Leeds,1,1,0.889916,1.6766,0.889916,1.6766,10,14,3,4,2.5,3.25,2.9
2026-01-31,29010,premier,Brighton,Everton,1,1,1.42825,1.28126,1.42825,1.28126,11,7,2,4,1.85,3.6,4.1
2026-01-31,29009,premier,Chelsea,West Ham,3,2,2.66133,1.72585,2.66133,1.72585,14,11,6,6,1.5,4.5,6.0
2026-01-31,29015,premier,Leeds,Arsenal,0,4,0.17871,3.54427,0.17871,3.54427,3,14,1,8,5.75,4.2,1.55
2026-01-31,29014,premier,Liverpool,Newcastle,4,1,3.09973,0.284319,3.09973,0.284319,17,8,7,2,1.8,3.9,4.1
2026-01-31,29017,premier,Wolves,Bournemouth,0,2,2.10353,1.59116,2.10353,1.59116,17,9,7,4,2.9,3.5,2.3
2026-02-01,29008,premier,Aston Villa,Brentford,0,1,2.15316,0.314916,2.15316,0.314916,27,6,5,2,2.1,3.5,3.4
2026-02-01,29012,premier,Man United,Fulham,3,2,1.84362,1.71998,1.84362,0.95881,13,14,6,6,1.57,4.5,5.0
2026-02-01,29013,premier,Nott'm Forest,Crystal Palace,1,1,0.987254,1.648,0.987254,0.886826,9,14,1,3,1.95,3.5,3.9
2026-02-01,29016,premier,Tottenham,Man City,2,2,1.49738,2.03614,1.49738,2.03614,12,15,6,3,4.5,4.1,1.73
2026-02-02,29011,premier,Sunderland,Burnley,3,0,1.8865,0.126371,1.8865,0.126371,14,5,5,0,1.8,3.5,4.75
2026-02-06,29023,premier,Leeds,Nott'm Forest,3,1,3.38179,1.6608,3.38179,1.6608,14,16,5,6,2.2,3.3,3.4
2026-02-07,29019,premier,Arsenal,Sunderland,3,0,1.19401,0.427225,1.19401,0.427225,16,5,5,3,1.22,6.25,12.0
2026-02-07,29018,premier,Bournemouth,Aston Villa,1,1,1.82646,0.646496,1.82646,0.646496,20,7,9,4,2.7,3.5,2.5
2026-02-07,29021,premier,Burnley,West Ham,0,2,1.84644,1.1223,1.84644,1.1223,18,6,5,4,3.3,3.5,2.15
2026-02-07,29022,premier,Fulham,Everton,1,2,2.20126,1.88778,2.20126,1.88778,13,16,3,3,2.1,3.25,3.75
2026-02-07,29025,premier,Man United,Tottenham,2,0,2.16576,0.593404,2.16576,0.593404,23,7,10,1,1.57,4.5,5.0
2026-02-07,29026,premier,Newcastle,Brentford,2,3,3.3215,1.65022,2.56033,0.889048,16,11,4,5,2.1,3.5,3.5
2026-02-07,29027,premier,Wolves,Chelsea,1,3,1.11372,3.76278,1.11372,2.24044,11,15,3,6,5.0,4.0,1.67
2026-02-08,29020,premier,Brighton,Crystal Palace,0,1,0.737798,0.928404,0.737798,0.928404,7,7,2,4,1.95,3.5,3.9
2026-02-08,29024,premier,Liverpool,Man City,1,2,1.26652,2.41476,1.26652,1.65359,15,17,4,7,2.38,3.7,2.75
2026-02-10,29030,premier,Chelsea,Leeds,2,2,3.21176,1.28948,2.45059,0.528313,19,4,4,2,1.55,4.33,5.5
2026-02-10,29032,premier,Everton,Bournemouth,1,2,2.33114,1.4121,1.56997,1.4121,16,11,6,4,2.38,3.4,3.0
2026-02-10,29036,premier,Tottenham,Newcastle,1,2,1.68925,2.46991,1.68925,2.46991,16,21,2,5,3.2,3.6,2.2
2026-02-10,29037,premier,West Ham,Man United,1,1,1.30746,0.735767,1.30746,0.735767,7,9,3,3,4.5,4.2,1.7
2026-02-11,29028,premier,Aston Villa,Brighton,1,0,0.576138,0.481306,0.576138,0.481306,15,9,1,3,1.91,3.7,3.8
2026-02-11,29031,premier,Crystal Palace,Burnley,2,3,2.1276,0.691273,2.1276,0.691273,21,8,3,3,1.57,4.0,6.25
2026-02-11,29033,premier,Man City,Fulham,3,0,1.67722,1.05283,1.67722,1.05283,13,14,5,3,1.36,5.5,7.0
2026-02-11,29034,premier,Nott'm Forest,Wolves,0,0,3.69094,0.406959,3.69094,0.406959,35,7,10,3,1.7,3.8,5.0
2026-02-11,29035,premier,Sunderland,Liverpool,0,1,0.693794,3.08172,0.693794,3.08172,11,23,2,3,4.75,3.8,1.73
2026-02-12,29029,premier,Brentford,Arsenal,1,1,1.81154,0.78418,1.81154,0.78418,12,7,3,2,4.75,3.9,1.7
2026-02-18,29087,premier,Wolves,Arsenal,2,2,0.173119,2.01018,0.173119,2.01018,5,10,2,4,11.0,5.25,1.29
2026-02-21,29038,premier,Aston Villa,Leeds,1,1,1.25439,1.27855,1.25439,1.27855,16,14,4,4,1.85,3.6,4.33
2026-02-21,29039,premier,Brentford,Brighton,0,2,1.69023,1.37203,1.69023,1.37203,13,11,3,7,2.0,3.7,3.5
2026-02-21,29040,premier,Chelsea,Burnley,1,1,2.51534,1.01255,2.51534,1.01255,12,12,2,4,1.22,6.5,12.0
2026-02-21,29043,premier,Man City,Newcastle,2,1,2.22648,0.507954,2.22648,0.507954,15,13,7,7,1.45,5.0,5.5
2026-02-21,29047,premier,West Ham,Bournemouth,0,0,2.34412,0.522731,2.34412,0.522731,20,10,3,5,2.5,3.7,2.63
2026-02-22,29041,premier,Crystal Palace,Wolves,1,0,2.03559,1.67749,2.03559,0.916319,14,12,3,7,1.65,4.0,5.0
2026-02-22,29044,premier,Nott'm Forest,Liverpool,0,1,0.934768,2.39634,0.934768,2.39634,18,10,2,4,4.1,3.9,1.8
2026-02-22,29045,premier,Sunderland,Fulham,1,3,1.7609,2.16696,0.99973,1.40579,12,12,2,4,2.7,3.25,2.7
2026-02-22,29046,premier,Tottenham,Arsenal,1,4,0.383264,3.31701,0.383264,3.31701,6,20,5,7,6.0,4.0,1.57
2026-02-23,29042,premier,Everton,Man United,0,1,0.560924,1.4547,0.560924,1.4547,12,11,4,3,3.7,3.75,1.91
2026-02-27,29057,premier,Wolves,Aston Villa,2,0,1.50771,1.31328,1.50771,1.31328,9,14,2,5,4.1,3.7,1.85
2026-02-28,29048,premier,Bournemouth,Sunderland,1,1,1.82434,1.07887,1.82434,1.07887,21,8,5,4,1.8,3.75,4.33
2026-02-28,29051,premier,Burnley,Brentford,3,4,0.823824,2.44595,0.823824,2.44595,12,16,3,7,4.5,3.9,1.73
2026-02-28,29053,premier,Leeds,Man City,0,1,1.37824,2.46834,1.37824,2.46834,14,14,2,5,4.75,4.33,1.62
2026-02-28,29054,premier,Liverpool,West Ham,5,2,2.09939,1.3517,2.09939,1.3517,18,11,7,4,1.42,4.75,6.5
2026-02-28,29056,premier,Newcastle,Everton,2,3,1.11889,2.40731,1.11889,2.40731,17,9,7,5,1.7,4.0,4.75
2026-03-01,29049,premier,Arsenal,Chelsea,2,1,1.71598,1.35268,1.71598,1.35268,12,9,5,3,1.6,3.8,5.5
2026-03-01,29050,premier,Brighton,Nott'm Forest,2,1,1.20107,0.83055,1.20107,0.83055,14,13,7,4,2.0,3.6,3.5
2026-03-01,29052,premier,Fulham,Tottenham,2,1,2.3207,0.952091,2.3207,0.952091,18,13,4,1,2.1,3.6,3.3
2026-03-01,29055,premier,Man United,Crystal Palace,2,1,2.34609,0.384699,1.58492,0.384699,20,8,11,3,1.53,4.5,5.5
2026-03-03,29058,premier,Bournemouth,Brentford,0,0,2.3177,0.673328,2.3177,0.673328,13,5,2,2,2.5,3.6,2.63
2026-03-03,29061,premier,Everton,Burnley,2,0,1.15845,0.762229,1.15845,0.762229,14,5,5,2,1.57,4.0,6.0
2026-03-03,29063,premier,Leeds,Sunderland,0,1,0.888232,0.843856,0.888232,0.0826876,18,3,4,1,1.85,3.4,4.33
2026-03-03,29067,premier,Wolves,Liverpool,2,1,0.636033,2.17217,0.636033,2.17217,4,19,3,7,5.5,4.5,1.5
2026-03-04,29059,premier,Aston Villa,Chelsea,1,4,1.06854,3.38883,1.06854,3.38883,9,15,4,8,2.7,3.4,2.55
2026-03-04,29060,premier,Brighton,Arsenal,0,1,0.919228,0.514803,0.919228,0.514803,11,7,3,2,4.75,4.1,1.65
2026-03-04,29062,premier,Fulham,West Ham,0,1,0.628123,1.49528,0.628123,1.49528,13,9,5,3,2.0,3.5,3.7
2026-03-04,29064,premier,Man City,Nott'm Forest,2,2,2.72655,1.23642,2.72655,1.23642,21,9,7,4,1.38,5.0,7.5
2026-03-04,29065,premier,Newcastle,Man United,2,1,1.96637,1.80571,1.2052,1.80571,12,14,5,5,2.63,3.5,2.6
2026-03-05,29066,premier,Tottenham,Crystal Palace,1,3,1.29615,1.91515,1.29615,1.15398,12,9,4,4,2.35,3.25,3.1
2026-03-14,29068,premier,Arsenal,Everton,2,0,1.90855,1.17847,1.90855,1.17847,25,9,7,3,1.38,4.75,8.5
2026-03-14,29070,premier,Burnley,Bournemouth,0,0,1.67695,2.36979,1.67695,2.36979,15,22,2,3,4.1,3.8,1.83
2026-03-14,29071,premier,Chelsea,Newcastle,0,1,1.72508,1.03251,1.72508,1.03251,22,7,3,5,1.8,4.2,3.8
2026-03-14,29076,premier,Sunderland,Brighton,0,1,0.659083,1.12832,0.659083,1.12832,14,12,4,4,3.3,3.3,2.25
2026-03-14,29077,premier,West Ham,Man City,1,1,0.488982,1.9546,0.488982,1.9546,1,24,1,6,4.33,4.33,1.7
2026-03-15,29072,premier,Crystal Palace,Leeds,0,0,0.525205,1.13558,0.525205,0.374413,12,10,0,3,2.55,3.3,2.88
2026-03-15,29073,premier,Liverpool,Tottenham,1,1,1.30076,1.15636,1.30076,1.15636,17,13,4,7,1.3,6.25,8.0
2026-03-15,29074,premier,Man United,Aston Villa,3,1,1.67823,1.21071,1.67823,1.21071,16,9,6,2,1.73,4.0,4.5
2026-03-15,29075,premier,Nott'm Forest,Fulham,0,0,0.821011,0.933988,0.821011,0.933988,11,5,2,0,2.2,3.4,3.3
2026-03-16,29069,premier,Brentford,Wolves,2,2,2.7966,1.80044,2.7966,1.80044,10,13,3,4,1.55,4.2,5.75
2026-03-20,29078,premier,Bournemouth,Man United,2,2,1.76664,1.74574,1.00547,0.984568,16,14,5,5,3.2,3.8,2.1
2026-03-21,29080,premier,Brighton,Liverpool,2,1,3.42956,0.956801,3.42956,0.956801,16,12,7,5,3.1,3.5,2.2
2026-03-21,29081,premier,Everton,Chelsea,3,0,1.44532,1.35143,1.44532,1.35143,10,12,9,4,3.5,3.4,2.1
2026-03-21,29082,premier,Fulham,Burnley,3,1,3.48438,1.92556,2.72321,1.92556,22,9,6,5,1.53,4.1,6.25
2026-03-21,29083,premier,Leeds,Brentford,0,0,0.417296,0.302221,0.417296,0.302221,14,6,4,2,2.45,3.5,2.88
2026-03-22,29079,premier,Aston Villa,West Ham,2,0,2.48528,0.760054,2.48528,0.760054,23,9,7,1,1.95,3.6,3.8
2026-03-22,29085,premier,Newcastle,Sunderland,1,2,1.26705,2.66657,1.26705,2.66657,16,17,4,7,1.67,4.0,5.0
2026-03-22,29086,premier,Tottenham,Nott'm Forest,0,3,1.6189,1.54408,1.6189,1.54408,14,8,3,7,2.25,3.4,3.2
2026-04-10,29091,premier,West Ham,Wolves,4,0,2.54379,0.571967,2.54379,0.571967,18,14,7,3,1.8,3.8,4.33
2026-04-11,29092,premier,Arsenal,Bournemouth,1,2,3.16346,1.39461,2.40229,1.39461,15,8,3,3,1.44,4.5,7.5
2026-04-11,29093,premier,Brentford,Everton,2,2,2.26302,1.57033,1.50185,1.57033,17,14,4,7,2.15,3.3,3.5
2026-04-11,29094,premier,Burnley,Brighton,0,2,0.812029,1.07182,0.812029,1.07182,10,13,5,6,4.5,4.0,1.73
2026-04-11,29097,premier,Liverpool,Fulham,2,0,2.01499,1.42024,2.01499,1.42024,18,19,5,4,1.65,4.2,4.75
2026-04-12,29095,premier,Chelsea,Man City,0,3,1.22108,2.40839,1.22108,2.40839,12,18,3,8,3.1,3.8,2.15
2026-04-12,29096,premier,Crystal Palace,Newcastle,2,1,3.13933,1.27299,2.37816,1.27299,11,7,5,3,3.0,3.6,2.2
2026-04-12,29089,premier,Nott'm Forest,Aston Villa,1,1,0.85045,1.36297,0.85045,1.36297,15,12,4,5,2.63,3.3,2.7
2026-04-12,29090,premier,Sunderland,Tottenham,1,0,1.77584,1.01598,1.77584,1.01598,13,11,2,7,2.7,3.2,2.7
2026-04-13,29088,premier,Man United,Leeds,1,2,1.36555,2.95118,1.36555,2.95118,20,15,9,6,1.62,4.1,5.0
2026-04-18,29099,premier,Brentford,Fulham,0,0,2.33552,0.790707,2.33552,0.790707,13,11,4,0,2.1,3.75,3.25
2026-04-18,29100,premier,Chelsea,Man United,0,1,1.28109,0.436043,1.28109,0.436043,21,4,3,1,2.2,3.5,3.2
2026-04-18,29103,premier,Leeds,Wolves,3,0,3.55804,0.568627,2.79691,0.568627,17,7,6,2,1.62,3.9,5.75
2026-04-18,29105,premier,Newcastle,Bournemouth,1,2,1.61167,3.36662,1.61167,3.36662,12,12,3,3,2.0,3.75,3.5
2026-04-18,29107,premier,Tottenham,Brighton,2,2,1.56052,1.1373,1.56052,1.1373,13,10,6,3,2.7,3.75,2.4
2026-04-19,29098,premier,Aston Villa,Sunderland,4,3,3.90223,1.56008,3.90223,1.56008,15,10,7,7,1.67,3.75,5.5
2026-04-19,29102,premier,Everton,Liverpool,1,2,1.4784,1.38333,1.4784,1.38333,10,14,4,6,3.1,3.4,2.3
2026-04-19,29104,premier,Man City,Arsenal,2,1,2.61528,2.28964,2.61528,2.28964,15,9,5,3,1.83,3.7,4.2
2026-04-19,29106,premier,Nott'm Forest,Burnley,4,1,1.4425,0.601418,1.4425,0.601418,10,4,4,3,1.5,4.2,7.0
2026-04-20,29101,premier,Crystal Palace,West Ham,0,0,0.733442,0.622445,0.733442,0.622445,9,9,1,4,2.38,3.2,3.1
2026-04-21,29110,premier,Brighton,Chelsea,3,0,2.51784,0.297865,2.51784,0.297865,15,6,9,0,2.5,3.5,2.7
2026-04-22,29108,premier,Bournemouth,Leeds,2,2,1.91355,1.21601,1.91355,1.21601,17,10,7,3,2.0,3.5,3.6
2026-04-22,29111,premier,Burnley,Man City,0,1,0.973776,3.40888,0.973776,3.40888,9,28,1,9,19.0,9.0,1.13
2026-04-24,29115,premier,Sunderland,Nott'm Forest,0,5,0.614323,1.54208,0.614323,1.54208,14,10,4,6,2.7,3.2,2.7
2026-04-25,29109,premier,Arsenal,Newcastle,1,0,0.639189,0.868897,0.639189,0.868897,11,13,4,3,1.45,4.75,6.25
2026-04-25,29112,premier,Fulham,Aston Villa,1,0,1.24069,0.906156,1.24069,0.906156,13,10,6,1,2.75,3.6,2.45
2026-04-25,29113,premier,Liverpool,Crystal Palace,3,1,1.45071,2.19912,1.45071,2.19912,9,14,3,7,1.44,5.0,6.25
2026-04-25,29116,premier,West Ham,Everton,2,1,1.8356,1.1144,1.8356,1.1144,10,11,3,3,2.4,3.4,2.9
2026-04-25,29117,premier,Wolves,Tottenham,0,1,0.762656,1.06403,0.762656,1.06403,11,11,2,2,4.5,4.33,1.67
2026-04-27,29114,premier,Man United,Brentford,2,1,1.84852,1.30383,1.84852,1.30383,11,12,6,4,1.85,3.8,4.0
2026-05-01,29124,premier,Leeds,Burnley,3,1,2.09546,0.434597,2.09546,0.434597,18,9,8,3,1.33,5.0,9.5
2026-05-02,29119,premier,Arsenal,Fulham,3,0,4.09079,0.696714,4.09079,0.696714,18,10,9,1,1.44,4.33,7.0
2026-05-02,29121,premier,Brentford,West Ham,3,0,2.27374,0.753895,1.51257,0.753895,14,13,6,4,1.91,3.75,3.75
2026-05-02,29126,premier,Newcastle,Brighton,3,1,3.12933,1.87112,3.12933,1.87112,13,13,6,4,2.5,3.75,2.6
2026-05-02,29127,premier,Wolves,Sunderland,1,1,1.96131,0.923954,1.96131,0.923954,20,10,7,2,3.1,3.2,2.1
2026-05-03,29120,premier,Aston Villa,Tottenham,1,2,0.609494,1.12225,0.609494,1.12225,5,10,1,5,2.15,3.6,3.2
2026-05-03,29118,premier,Bournemouth,Crystal Palace,3,0,2.29626,0.678329,1.53509,0.678329,16,7,5,1,1.57,4.33,5.25
2026-05-03,29125,premier,Man United,Liverpool,3,2,2.55612,1.02814,2.55612,1.02814,18,13,6,5,2.3,3.8,2.75
2026-05-04,29122,premier,Chelsea,Nott'm Forest,1,3,2.17132,2.31019,1.41015,1.54902,21,6,5,4,1.7,4.0,4.75
2026-05-04,29123,premier,Everton,Man City,3,3,1.68558,1.41706,1.68558,1.41706,14,21,6,4,6.5,4.75,1.44
2026-05-09,29128,premier,Brighton,Wolves,3,0,2.22427,0.515647,2.22427,0.515647,14,5,6,1,1.27,6.25,9.5
2026-05-09,29131,premier,Fulham,Bournemouth,0,1,1.24334,0.998003,1.24334,0.998003,14,10,2,5,2.75,3.6,2.4
2026-05-09,29132,premier,Liverpool,Chelsea,1,1,0.623191,0.597184,0.623191,0.597184,8,6,3,3,1.83,4.0,3.9
2026-05-09,29133,premier,Man City,Brentford,3,0,4.37429,0.670038,4.37429,0.670038,25,4,10,2,1.36,5.75,7.0
2026-05-09,29135,premier,Sunderland,Man United,0,0,1.2376,0.535981,1.2376,0.535981,15,11,4,1,3.9,3.75,1.85
2026-05-10,29129,premier,Burnley,Aston Villa,2,2,1.71234,1.75493,1.71234,1.75493,15,18,6,7,5.0,4.33,1.6
2026-05-10,29130,premier,Crystal Palace,Everton,2,2,3.28826,2.10265,3.28826,2.10265,21,13,8,6,2.7,3.3,2.63
2026-05-10,29134,premier,Nott'm Forest,Newcastle,1,1,1.46434,1.65067,1.46434,1.65067,17,16,6,6,2.6,3.6,2.6
2026-05-10,29137,premier,West Ham,Arsenal,0,1,1.32011,1.42953,1.32011,1.42953,9,15,3,4,5.5,4.2,1.57
2026-05-11,29136,premier,Tottenham,Leeds,1,1,1.49036,1.86976,1.49036,1.10859,16,11,3,4,1.83,4.1,3.75
2026-05-13,29084,premier,Man City,Crystal Palace,3,0,1.95679,0.428862,1.95679,0.428862,15,6,4,2,1.2,7.5,12.0
2026-05-15,29140,premier,Aston Villa,Liverpool,4,2,2.5252,1.55027,2.5252,1.55027,14,16,9,5,2.75,3.5,2.4
2026-05-17,29141,premier,Brentford,Crystal Palace,2,2,1.54564,1.82274,1.54564,1.06157,14,16,3,5,1.73,4.2,4.33
2026-05-17,29143,premier,Everton,Sunderland,1,3,1.32181,1.28383,1.32181,1.28383,10,7,4,3,1.8,3.75,4.33
2026-05-17,29144,premier,Leeds,Brighton,1,0,0.747756,2.23238,0.747756,2.23238,7,19,1,8,3.2,3.6,2.15
2026-05-17,29145,premier,Man United,Nott'm Forest,3,2,4.28532,1.84418,4.28532,1.84418,29,11,8,4,1.6,4.2,5.25
2026-05-17,29146,premier,Newcastle,West Ham,3,1,2.1336,0.957771,2.1336,0.957771,15,15,7,8,2.1,3.8,3.2
2026-05-17,29147,premier,Wolves,Fulham,1,1,1.49725,1.48412,1.49725,0.722955,11,13,3,5,3.8,3.8,1.9
2026-05-18,29139,premier,Arsenal,Burnley,1,0,1.22695,0.194884,1.22695,0.194884,13,5,3,0,1.09,11.0,23.0
2026-05-19,29138,premier,Bournemouth,Man City,1,1,1.71486,1.26917,1.71486,1.26917,10,14,2,5,4.5,4.33,1.67
2026-05-19,29142,premier,Chelsea,Tottenham,2,1,1.09262,2.15227,1.09262,2.15227,9,9,4,3,1.91,3.7,3.9
2026-05-24,29148,premier,Brighton,Man United,0,3,0.702398,2.32868,0.702398,2.32868,13,11,2,7,1.85,4.2,3.6
2026-05-24,29149,premier,Burnley,Wolves,1,1,1.28476,2.8433,1.28476,2.08213,16,16,8,4,2.35,3.5,2.9
2026-05-24,29150,premier,Crystal Palace,Arsenal,1,2,1.00492,3.90645,1.00492,3.90645,8,17,3,7,4.2,4.0,1.75
2026-05-24,29151,premier,Fulham,Newcastle,2,0,1.72878,0.24232,1.72878,0.24232,21,7,6,2,2.88,3.8,2.25
2026-05-24,29152,premier,Liverpool,Brentford,1,1,2.99412,1.46082,2.99412,1.46082,24,11,8,2,1.8,4.2,3.8
2026-05-24,29153,premier,Man City,Aston Villa,1,2,1.38085,2.4397,1.38085,2.4397,16,12,3,5,1.29,6.0,9.0
2026-05-24,29154,premier,Nott'm Forest,Bournemouth,1,1,2.05852,1.33684,2.05852,1.33684,15,17,5,4,3.3,3.75,2.05
2026-05-24,29155,premier,Sunderland,Chelsea,2,1,2.33109,0.920885,2.33109,0.920885,20,10,2,1,3.6,3.6,2.0
2026-05-24,29156,premier,Tottenham,Everton,1,0,1.40597,0.268476,1.40597,0.268476,21,8,6,3,1.91,3.75,3.8
2026-05-24,29157,premier,West Ham,Leeds,3,0,2.73135,1.94969,2.73135,1.94969,16,13,9,3,1.85,4.0,3.75
