fecha,game_id,liga,local,visita,goles_local,goles_visita,xg_local,xg_visita,npxg_local,npxg_visita,tiros_local,tiros_visita,sot_local,sot_visita,cuota_h,cuota_d,cuota_a
2023-08-19,22305,seriea,Empoli,Verona,0,1,0.844727,0.690842,0.844727,0.690842,10,10,4,4,2.25,3.2,3.3
2023-08-19,22306,seriea,Frosinone,Napoli,1,3,0.871157,1.31464,0.109858,1.31464,4,19,1,8,8.5,5.0,1.36
2023-08-19,22308,seriea,Genoa,Fiorentina,1,4,0.79732,1.1197,0.79732,1.1197,4,9,2,5,3.4,3.25,2.2
2023-08-19,22307,seriea,Inter,Monza,2,0,2.49549,0.581247,2.49549,0.581247,22,12,3,2,1.4,5.0,7.0
2023-08-20,22312,seriea,Lecce,Lazio,2,1,1.75411,2.22215,1.75411,2.22215,23,10,7,4,3.6,3.3,2.1
2023-08-20,22309,seriea,Roma,Salernitana,2,2,2.00607,0.364297,2.00607,0.364297,13,3,3,2,1.53,4.0,6.5
2023-08-20,22310,seriea,Sassuolo,Atalanta,0,2,0.381264,1.50058,0.381264,1.50058,11,16,3,6,3.5,3.4,2.1
2023-08-20,22311,seriea,Udinese,Juventus,0,3,1.20988,1.86438,1.20988,1.10308,18,9,5,4,4.33,3.6,1.83
2023-08-21,22314,seriea,Bologna,Milan,0,2,1.17349,1.1479,1.17349,1.1479,17,10,5,6,4.0,3.4,1.95
2023-08-21,22313,seriea,Torino,Cagliari,0,0,1.03099,0.443184,1.03099,0.443184,11,8,2,2,1.67,3.75,5.25
2023-08-26,22317,seriea,Milan,Torino,4,1,3.25277,0.563184,1.73017,0.563184,17,8,7,1,1.65,3.8,5.0
2023-08-26,22315,seriea,Frosinone,Atalanta,2,1,0.760807,1.44199,0.760807,1.44199,13,18,5,6,5.0,4.0,1.67
2023-08-26,22316,seriea,Monza,Empoli,2,0,2.0469,1.13824,2.0469,1.13824,20,18,5,6,1.91,3.5,4.2
2023-08-26,22318,seriea,Verona,Roma,2,1,0.904461,2.00413,0.904461,2.00413,5,23,3,7,4.33,3.5,1.83
2023-08-27,22319,seriea,Fiorentina,Lecce,2,2,1.51003,0.494028,1.51003,0.494028,9,6,4,2,1.57,4.2,5.75
2023-08-27,22320,seriea,Juventus,Bologna,1,1,0.915803,0.687398,0.915803,0.687398,14,9,3,4,1.5,4.5,6.0
2023-08-27,22321,seriea,Lazio,Genoa,0,1,0.937895,0.69511,0.937895,0.69511,16,5,2,3,1.55,4.0,6.0
2023-08-27,22322,seriea,Napoli,Sassuolo,2,0,3.53489,0.145568,2.0123,0.145568,25,6,5,1,1.33,5.5,8.5
2023-08-28,22324,seriea,Cagliari,Inter,0,2,0.484344,1.25423,0.484344,1.25423,12,17,2,3,7.5,4.5,1.44
2023-08-28,22323,seriea,Salernitana,Udinese,1,1,0.559371,0.548425,0.559371,0.548425,9,14,4,6,2.7,3.2,2.63
2023-09-01,22326,seriea,Roma,Milan,1,2,0.412392,1.62873,0.412392,0.867431,13,9,2,4,2.8,3.1,2.63
2023-09-01,22325,seriea,Sassuolo,Verona,3,1,2.62139,0.555465,1.86009,0.555465,16,11,7,3,2.0,3.6,3.75
2023-09-02,22329,seriea,Atalanta,Monza,3,0,1.96499,0.37036,1.96499,0.37036,18,8,8,2,1.62,4.0,5.25
2023-09-02,22328,seriea,Bologna,Cagliari,2,1,2.8268,0.537052,2.06554,0.537052,16,7,7,1,1.7,3.75,5.0
2023-09-02,22330,seriea,Napoli,Lazio,1,2,1.04344,1.04826,1.04344,1.04826,22,6,4,2,1.62,4.0,5.5
2023-09-02,22327,seriea,Udinese,Frosinone,0,0,2.07837,2.41709,2.07837,2.41709,12,12,6,2,1.8,3.6,4.5
2023-09-03,22333,seriea,Empoli,Juventus,0,2,0.304187,3.04937,0.304187,2.28808,7,18,0,5,5.25,3.8,1.67
2023-09-03,22332,seriea,Inter,Fiorentina,4,0,5.21474,0.346607,4.45344,0.346607,21,6,11,2,1.65,3.8,5.25
2023-09-03,22334,seriea,Lecce,Salernitana,2,0,1.83665,1.05367,1.07536,1.05367,20,11,6,4,2.0,3.3,4.0
2023-09-03,22331,seriea,Torino,Genoa,1,0,0.481429,0.102008,0.481429,0.102008,10,7,3,2,2.0,3.3,4.0
2023-09-16,22337,seriea,Genoa,Napoli,2,2,1.33007,0.984291,1.33007,0.984291,8,12,3,4,5.5,3.8,1.67
2023-09-16,22336,seriea,Inter,Milan,5,1,2.95417,0.989611,2.19287,0.989611,14,9,7,2,2.15,3.5,3.4
2023-09-16,22335,seriea,Juventus,Lazio,3,1,2.6734,0.704843,2.6734,0.704843,17,16,7,5,1.91,3.4,4.33
2023-09-17,22338,seriea,Cagliari,Udinese,0,0,2.2007,0.836992,2.2007,0.836992,10,11,1,1,2.88,3.3,2.5
2023-09-17,22341,seriea,Fiorentina,Atalanta,3,2,1.4533,0.632092,1.4533,0.632092,15,11,8,4,2.38,3.5,2.88
2023-09-17,22339,seriea,Frosinone,Sassuolo,4,2,2.97022,1.93433,2.20892,1.93433,16,18,6,7,2.8,3.4,2.5
2023-09-17,22340,seriea,Monza,Lecce,1,1,3.29559,0.895727,3.29559,0.134428,25,4,6,3,2.1,3.4,3.5
2023-09-17,22342,seriea,Roma,Empoli,7,0,2.49292,0.166755,1.73162,0.166755,14,8,9,2,1.44,4.5,7.5
2023-09-18,22343,seriea,Salernitana,Torino,0,3,0.694683,1.54562,0.694683,1.54562,14,11,4,3,3.6,3.25,2.2
2023-09-18,22344,seriea,Verona,Bologna,0,0,0.408446,0.896605,0.408446,0.896605,9,11,1,4,3.1,3.3,2.38
2023-09-22,22351,seriea,Lecce,Genoa,1,0,1.00903,0.532474,1.00903,0.532474,18,8,3,1,2.45,3.2,3.1
2023-09-22,22350,seriea,Salernitana,Frosinone,1,1,0.834621,0.98737,0.834621,0.98737,19,9,6,3,2.5,3.2,2.9
2023-09-23,22352,seriea,Milan,Verona,1,0,0.916672,0.845815,0.916672,0.845815,9,10,4,2,1.36,4.75,9.0
2023-09-23,22348,seriea,Lazio,Monza,1,1,1.02354,1.80956,0.262245,1.80956,8,16,1,4,1.8,3.8,4.2
2023-09-23,22353,seriea,Sassuolo,Juventus,4,2,1.74238,1.36816,1.74238,1.36816,18,15,7,2,4.0,4.0,1.8
2023-09-24,22345,seriea,Atalanta,Cagliari,2,0,1.67724,1.00314,1.67724,1.00314,10,11,6,1,1.4,5.0,8.0
2023-09-24,22346,seriea,Bologna,Napoli,0,0,0.184666,1.84847,0.184666,1.08717,5,12,2,4,3.75,3.6,1.91
2023-09-24,22347,seriea,Empoli,Inter,0,1,0.330665,1.63518,0.330665,1.63518,7,23,1,6,9.0,5.25,1.33
2023-09-24,22354,seriea,Torino,Roma,1,1,1.10678,1.10764,1.10678,1.10764,13,11,4,3,3.1,2.9,2.6
2023-09-24,22349,seriea,Udinese,Fiorentina,0,2,2.40063,0.281122,2.40063,0.281122,20,6,8,2,3.2,3.5,2.25
2023-09-26,22359,seriea,Juventus,Lecce,1,0,1.64987,0.0667791,1.64987,0.0667791,14,2,5,0,1.5,4.2,7.0
2023-09-27,22355,seriea,Cagliari,Milan,1,3,0.67613,2.10838,0.67613,2.10838,16,17,6,6,5.25,3.8,1.67
2023-09-27,22356,seriea,Empoli,Salernitana,1,0,2.29107,0.477434,2.29107,0.477434,13,14,6,2,2.3,3.3,3.2
2023-09-27,22358,seriea,Inter,Sassuolo,1,2,1.02458,1.02404,1.02458,1.02404,13,13,3,6,1.33,5.5,8.0
2023-09-27,22360,seriea,Lazio,Torino,2,0,0.773684,0.213455,0.773684,0.213455,6,7,3,2,2.15,3.25,3.5
2023-09-27,22361,seriea,Napoli,Udinese,4,1,3.70921,0.82191,2.94791,0.82191,23,13,10,3,1.36,5.0,8.5
2023-09-27,22362,seriea,Verona,Atalanta,0,1,0.325267,1.38356,0.325267,1.38356,11,8,2,2,4.2,3.75,1.83
2023-09-28,22364,seriea,Frosinone,Fiorentina,1,1,0.976021,1.45269,0.976021,1.45269,11,19,3,6,3.75,3.6,1.95
2023-09-28,22357,seriea,Genoa,Roma,4,1,1.59801,1.29625,1.59801,1.29625,8,13,4,3,3.8,3.25,2.05
2023-09-28,22363,seriea,Monza,Bologna,0,0,1.02777,1.04179,1.02777,1.04179,12,7,3,5,2.38,3.3,3.0
2023-09-30,22373,seriea,Milan,Lazio,2,0,2.69178,0.502537,2.69178,0.502537,14,13,7,4,1.73,3.6,5.0
2023-09-30,22367,seriea,Lecce,Napoli,0,4,0.612649,2.71689,0.612649,1.95559,9,15,4,6,4.75,3.8,1.75
2023-09-30,22372,seriea,Salernitana,Inter,0,4,0.620122,2.5554,0.620122,1.7941,12,16,3,6,8.0,4.75,1.4
2023-10-01,22365,seriea,Atalanta,Juventus,0,0,1.97735,0.203059,1.97735,0.203059,15,5,2,3,2.5,3.4,2.8
2023-10-01,22366,seriea,Bologna,Empoli,3,0,3.28867,1.04905,3.28867,1.04905,21,12,9,4,1.62,4.0,5.5
2023-10-01,22369,seriea,Roma,Frosinone,2,0,0.830718,0.791935,0.830718,0.791935,11,8,5,0,1.44,4.2,8.0
2023-10-01,22370,seriea,Udinese,Genoa,2,2,1.53115,0.83333,1.53115,0.83333,11,8,2,4,2.38,3.1,3.2
2023-10-02,22368,seriea,Fiorentina,Cagliari,3,0,1.52678,0.81356,1.52678,0.81356,14,6,2,4,1.5,4.2,7.0
2023-10-02,22374,seriea,Sassuolo,Monza,0,1,1.49022,1.84951,1.49022,1.84951,19,13,7,4,2.25,3.75,2.88
2023-10-02,22371,seriea,Torino,Verona,0,0,0.617691,0.273624,0.617691,0.273624,8,5,2,2,1.85,3.5,4.33
2023-10-06,22376,seriea,Empoli,Udinese,0,0,1.00116,1.23968,1.00116,1.23968,18,11,3,1,3.1,3.25,2.38
2023-10-06,22380,seriea,Lecce,Sassuolo,1,1,1.51817,1.74518,1.51817,0.983877,13,14,4,1,2.55,3.4,2.7
2023-10-07,22378,seriea,Genoa,Milan,0,1,0.353901,0.898603,0.353901,0.898603,7,12,1,3,4.2,3.5,1.91
2023-10-07,22383,seriea,Inter,Bologna,2,2,0.705274,1.04766,0.705274,0.286361,14,8,5,3,1.36,5.5,7.5
2023-10-07,22379,seriea,Juventus,Torino,2,0,2.40906,0.592513,2.40906,0.592513,17,10,6,1,1.91,3.3,4.33
2023-10-08,22375,seriea,Cagliari,Roma,1,4,1.76268,3.3327,1.00138,3.3327,16,11,2,5,4.75,3.3,1.83
2023-10-08,22377,seriea,Frosinone,Verona,2,1,1.91977,0.506291,1.91977,0.506291,11,16,2,4,2.35,3.3,3.1
2023-10-08,22382,seriea,Lazio,Atalanta,3,2,1.65045,1.0016,1.65045,1.0016,12,12,4,4,2.7,3.3,2.63
2023-10-08,22381,seriea,Monza,Salernitana,3,0,3.73783,0.999628,2.97653,0.999628,16,8,7,5,1.7,3.8,5.0
2023-10-08,22384,seriea,Napoli,Fiorentina,1,3,1.77418,1.76863,1.01288,1.76863,16,12,4,3,1.6,4.2,5.5
2023-10-21,22392,seriea,Sassuolo,Lazio,0,2,0.319165,2.93562,0.319165,2.93562,9,18,2,6,2.7,3.5,2.5
2023-10-21,22390,seriea,Torino,Inter,0,3,0.596799,2.44253,0.596799,1.68123,7,14,3,4,5.5,3.6,1.7
2023-10-21,22387,seriea,Verona,Napoli,1,3,0.87241,2.65531,0.87241,2.65531,15,22,9,10,5.5,3.75,1.65
2023-10-22,22391,seriea,Milan,Juventus,0,1,0.238518,1.80571,0.238518,1.80571,7,14,1,4,2.25,3.4,3.2
2023-10-22,22385,seriea,Atalanta,Genoa,2,0,1.97081,1.04166,1.97081,1.04166,13,15,8,4,1.55,3.8,6.5
2023-10-22,22386,seriea,Bologna,Frosinone,2,1,1.63336,1.42786,1.63336,0.666556,12,12,6,5,1.73,3.75,5.0
2023-10-22,22394,seriea,Roma,Monza,1,0,2.53278,0.423669,2.53278,0.423669,21,11,4,4,1.7,3.6,5.25
2023-10-22,22388,seriea,Salernitana,Cagliari,2,2,1.33333,1.4958,0.572035,1.4958,13,13,2,6,2.2,3.2,3.5
2023-10-23,22389,seriea,Fiorentina,Empoli,0,2,0.764401,1.79488,0.764401,1.79488,19,7,7,3,1.44,4.33,8.0
2023-10-23,22393,seriea,Udinese,Lecce,1,1,2.58184,0.808325,1.82054,0.808325,12,12,6,1,2.2,3.3,3.4
2023-10-27,22396,seriea,Genoa,Salernitana,1,0,0.40726,0.778619,0.40726,0.778619,8,7,4,2,1.73,3.6,5.25
2023-10-28,22403,seriea,Juventus,Verona,1,0,3.64831,0.318759,3.64831,0.318759,30,7,6,1,1.36,5.0,8.0
2023-10-28,22398,seriea,Lecce,Torino,0,1,0.462357,1.33241,0.462357,1.33241,11,10,6,2,2.75,3.0,2.8
2023-10-28,22401,seriea,Sassuolo,Bologna,1,1,0.864789,0.829724,0.864789,0.829724,17,9,6,5,2.6,3.4,2.63
2023-10-29,22395,seriea,Cagliari,Frosinone,4,3,4.07472,1.29593,3.31342,1.29593,24,10,6,6,2.3,3.3,3.2
2023-10-29,22397,seriea,Inter,Roma,1,0,2.25314,0.495306,2.25314,0.495306,19,3,3,1,1.62,4.0,5.5
2023-10-29,22399,seriea,Monza,Udinese,1,1,0.40283,1.05616,0.40283,1.05616,10,10,4,3,2.0,3.6,3.6
2023-10-29,22404,seriea,Napoli,Milan,2,2,1.50253,2.37489,1.50253,2.37489,17,20,4,6,2.2,3.4,3.3
2023-10-30,22400,seriea,Empoli,Atalanta,0,3,0.271851,2.19175,0.271851,2.19175,9,18,2,6,5.25,3.75,1.67
2023-10-30,22402,seriea,Lazio,Fiorentina,1,0,2.36178,0.389451,1.60048,0.389451,11,9,4,5,2.25,3.25,3.25
2023-11-03,22406,seriea,Bologna,Lazio,1,0,0.698258,0.462021,0.698258,0.462021,6,11,2,1,2.63,3.2,2.75
2023-11-04,22410,seriea,Milan,Udinese,0,1,1.28493,2.1049,1.28493,1.3436,14,12,5,2,1.45,4.5,7.0
2023-11-04,22405,seriea,Atalanta,Inter,1,2,1.36089,1.39642,1.36089,0.635122,14,10,4,4,3.3,3.5,2.15
2023-11-04,22413,seriea,Salernitana,Napoli,0,2,0.322231,1.67658,0.322231,1.67658,10,21,3,8,7.0,4.75,1.44
2023-11-05,22407,seriea,Cagliari,Genoa,2,1,1.26944,0.669834,1.26944,0.669834,12,8,4,2,2.7,3.2,2.7
2023-11-05,22408,seriea,Fiorentina,Juventus,0,1,0.675388,0.855784,0.675388,0.855784,25,4,4,3,2.9,3.2,2.55
2023-11-05,22412,seriea,Roma,Lecce,2,1,2.55177,1.20256,1.79047,1.20256,15,15,5,4,1.57,3.8,6.5
2023-11-05,22409,seriea,Verona,Monza,1,3,1.12724,1.39014,1.12724,1.39014,16,12,5,6,3.2,3.25,2.3
2023-11-06,22411,seriea,Frosinone,Empoli,2,1,0.80376,1.87117,0.80376,1.87117,17,10,5,2,2.0,3.6,3.6
2023-11-06,22414,seriea,Torino,Sassuolo,2,1,3.43408,0.499189,3.43408,0.499189,21,5,9,2,2.15,3.4,3.4
2023-11-10,22415,seriea,Genoa,Verona,1,0,2.04226,0.2458,2.04226,0.2458,16,7,6,1,1.91,3.3,4.33
2023-11-10,22423,seriea,Sassuolo,Salernitana,2,2,2.4684,0.946956,2.4684,0.946956,29,9,9,2,1.65,4.2,4.75
2023-11-11,22421,seriea,Juventus,Cagliari,2,1,3.04248,0.477922,3.04248,0.477922,18,11,4,2,1.36,5.0,8.0
2023-11-11,22417,seriea,Lecce,Milan,2,2,1.99035,2.22404,1.99035,2.22404,14,10,5,6,5.0,3.6,1.75
2023-11-11,22418,seriea,Monza,Torino,1,1,1.16628,0.819686,1.16628,0.819686,12,12,5,5,2.5,3.1,3.0
2023-11-12,22420,seriea,Fiorentina,Bologna,2,1,1.57435,2.31019,0.813049,1.54889,12,11,4,4,2.0,3.4,3.8
2023-11-12,22424,seriea,Inter,Frosinone,2,0,3.2782,0.58612,2.5169,0.58612,21,12,6,3,1.18,8.0,13.0
2023-11-12,22416,seriea,Lazio,Roma,0,0,0.398131,0.320262,0.398131,0.320262,7,8,2,1,3.0,3.0,2.63
2023-11-12,22422,seriea,Napoli,Empoli,0,1,1.06052,0.38859,1.06052,0.38859,18,8,7,3,1.22,7.0,11.0
2023-11-12,22419,seriea,Udinese,Atalanta,1,1,1.21433,0.575292,0.453029,0.575292,13,8,4,2,3.75,3.5,2.0
2023-11-25,22433,seriea,Milan,Fiorentina,1,0,1.78395,1.69486,1.02265,1.69486,9,20,6,4,2.1,3.3,3.5
2023-11-25,22426,seriea,Atalanta,Napoli,1,2,0.880466,2.51076,0.880466,2.51076,16,11,5,4,2.7,3.4,2.63
2023-11-25,22431,seriea,Salernitana,Lazio,2,1,1.40102,1.83536,1.40102,1.07406,13,13,6,2,4.75,3.75,1.75
2023-11-26,22430,seriea,Cagliari,Monza,1,1,1.58663,0.802396,1.58663,0.802396,17,12,6,4,2.88,3.25,2.5
2023-11-26,22429,seriea,Empoli,Sassuolo,3,4,1.47716,2.97603,0.71586,2.21473,11,17,9,9,2.75,3.6,2.4
2023-11-26,22428,seriea,Frosinone,Genoa,2,1,0.990501,1.82552,0.990501,1.82552,9,13,5,3,2.5,3.25,2.88
2023-11-26,22432,seriea,Juventus,Inter,1,1,0.488914,0.692636,0.488914,0.692636,4,8,1,4,3.3,3.25,2.25
2023-11-26,22434,seriea,Roma,Udinese,3,1,1.25942,0.532293,1.25942,0.532293,12,6,5,2,1.62,3.8,5.75
2023-11-27,22425,seriea,Bologna,Torino,2,0,1.34938,0.573292,1.34938,0.573292,13,9,2,3,2.3,3.25,3.2
2023-11-27,22427,seriea,Verona,Lecce,2,2,1.94683,1.52186,1.94683,1.52186,19,14,11,5,2.75,3.0,2.88
2023-12-01,22443,seriea,Monza,Juventus,1,2,0.656513,2.95935,0.656513,2.07226,16,18,1,7,4.2,3.3,1.95
2023-12-02,22440,seriea,Milan,Frosinone,3,1,1.01016,0.728766,1.01016,0.728766,10,15,3,3,1.44,4.5,7.5
2023-12-02,22439,seriea,Genoa,Empoli,1,1,0.832928,0.753276,0.832928,0.753276,21,9,1,1,1.91,3.6,3.8
2023-12-02,22438,seriea,Lazio,Cagliari,1,0,2.50417,0.613719,2.50417,0.613719,10,9,5,2,1.62,4.0,5.25
2023-12-03,22435,seriea,Fiorentina,Salernitana,3,0,3.06935,0.780756,2.30805,0.780756,22,11,9,1,1.45,4.75,7.0
2023-12-03,22437,seriea,Lecce,Bologna,1,1,1.65827,1.51659,0.896975,1.51659,14,11,4,4,3.0,3.2,2.45
2023-12-03,22442,seriea,Napoli,Inter,0,3,0.787314,2.58503,0.787314,2.58503,15,11,4,4,2.8,3.5,2.4
2023-12-03,22444,seriea,Sassuolo,Roma,1,2,0.916551,1.9994,0.916551,1.2381,8,15,2,7,3.8,3.75,1.91
2023-12-03,22441,seriea,Udinese,Verona,3,3,2.14774,1.56674,2.14774,0.805443,12,13,6,4,1.7,3.6,5.25
2023-12-04,22436,seriea,Torino,Atalanta,3,0,1.63866,0.345831,0.877365,0.345831,9,10,5,4,2.9,3.2,2.45
2023-12-08,22451,seriea,Juventus,Napoli,1,0,0.662608,1.00524,0.662608,1.00524,11,13,2,1,2.25,3.25,3.25
2023-12-09,22445,seriea,Atalanta,Milan,3,2,3.10106,1.00625,3.10106,1.00625,19,14,7,4,2.5,3.2,3.0
2023-12-09,22450,seriea,Inter,Udinese,4,0,3.34151,0.847308,2.58021,0.847308,17,11,8,1,1.29,6.5,9.0
2023-12-09,22449,seriea,Verona,Lazio,1,1,0.792676,1.01398,0.792676,1.01398,5,14,1,5,4.2,3.4,1.95
2023-12-10,22448,seriea,Frosinone,Torino,0,0,1.50797,1.06355,1.50797,1.06355,11,16,5,3,3.4,3.2,2.25
2023-12-10,22454,seriea,Monza,Genoa,1,0,0.67177,1.74997,0.67177,1.74997,6,16,3,1,2.15,3.1,3.75
2023-12-10,22453,seriea,Roma,Fiorentina,1,1,0.702857,0.975261,0.702857,0.975261,4,14,1,8,2.1,3.3,3.5
2023-12-10,22452,seriea,Salernitana,Bologna,1,2,0.601235,1.67302,0.601235,1.67302,9,10,2,5,3.75,3.3,2.05
2023-12-11,22446,seriea,Cagliari,Sassuolo,2,1,1.2382,1.29012,1.2382,1.29012,18,8,6,4,2.3,3.5,3.0
2023-12-11,22447,seriea,Empoli,Lecce,1,1,1.8919,0.985028,1.8919,0.985028,18,14,6,5,2.55,3.2,3.0
2023-12-15,22458,seriea,Genoa,Juventus,1,1,0.844502,2.10424,0.844502,1.34294,11,11,3,4,4.75,3.2,1.91
2023-12-16,22462,seriea,Lecce,Frosinone,2,1,0.729342,1.84133,0.729342,1.08003,18,11,6,5,2.15,3.3,3.5
2023-12-16,22460,seriea,Napoli,Cagliari,2,1,3.03273,1.83831,3.03273,1.83831,21,9,5,3,1.33,5.0,9.5
2023-12-16,22461,seriea,Torino,Empoli,1,0,2.11343,0.28927,2.11343,0.28927,10,7,3,2,1.6,3.8,6.0
2023-12-17,22459,seriea,Milan,Monza,3,0,2.26584,1.42821,2.26584,1.42821,17,21,9,4,1.62,4.33,5.0
2023-12-17,22456,seriea,Bologna,Roma,2,0,0.782175,0.566461,0.782175,0.566461,8,8,2,3,2.38,3.0,3.25
2023-12-17,22457,seriea,Fiorentina,Verona,1,0,0.330363,2.92504,0.330363,2.06048,5,19,3,7,1.4,5.0,7.0
2023-12-17,22463,seriea,Lazio,Inter,0,2,1.63799,1.69409,1.63799,1.69409,13,12,4,4,4.75,3.8,1.73
2023-12-17,22464,seriea,Udinese,Sassuolo,2,2,0.750879,2.90114,0.750879,1.37854,9,21,7,7,2.25,3.5,3.1
2023-12-18,22455,seriea,Atalanta,Salernitana,4,1,2.34764,0.976758,2.34764,0.976758,20,10,11,3,1.3,5.5,10.0
2023-12-22,22465,seriea,Empoli,Lazio,0,2,0.659249,1.95383,0.659249,1.95383,21,14,7,7,4.2,3.4,1.91
2023-12-22,22471,seriea,Monza,Fiorentina,0,1,0.659021,1.95676,0.659021,1.95676,7,14,2,5,2.88,3.2,2.55
2023-12-22,22473,seriea,Salernitana,Milan,2,2,1.14336,2.9432,1.14336,2.9432,19,21,7,9,8.0,4.5,1.44
2023-12-22,22472,seriea,Sassuolo,Genoa,1,2,2.17129,1.3709,2.17129,0.609602,12,14,3,5,2.25,3.3,3.25
2023-12-23,22469,seriea,Bologna,Atalanta,1,0,0.986587,1.59382,0.986587,1.59382,9,12,1,2,2.7,3.2,2.75
2023-12-23,22466,seriea,Frosinone,Juventus,1,2,0.495508,1.27523,0.495508,1.27523,10,13,3,3,6.0,3.75,1.62
2023-12-23,22467,seriea,Inter,Lecce,2,0,3.28691,1.1279,3.28691,1.1279,20,11,8,5,1.22,7.0,11.0
2023-12-23,22474,seriea,Roma,Napoli,2,0,2.06895,0.44093,2.06895,0.44093,17,7,4,2,3.0,3.1,2.5
2023-12-23,22468,seriea,Torino,Udinese,1,1,0.666821,0.919531,0.666821,0.919531,14,10,4,4,1.75,3.5,5.0
2023-12-23,22470,seriea,Verona,Cagliari,2,0,0.986759,1.20911,0.986759,1.20911,13,12,5,3,2.38,3.25,3.1
2023-12-29,22477,seriea,Fiorentina,Torino,1,0,0.885643,0.439657,0.885643,0.439657,12,6,3,3,2.1,3.2,3.6
2023-12-29,22478,seriea,Genoa,Inter,1,1,0.410279,1.8593,0.410279,1.8593,13,16,4,6,5.5,3.8,1.65
2023-12-29,22483,seriea,Lazio,Frosinone,3,1,1.74892,1.13132,1.74892,0.370023,13,11,5,2,1.67,3.8,5.25
2023-12-29,22484,seriea,Napoli,Monza,0,0,2.37308,1.09674,2.37308,0.33544,25,8,9,3,1.62,4.0,5.5
2023-12-30,22481,seriea,Milan,Sassuolo,1,0,1.49842,0.40374,1.49842,0.40374,20,12,2,6,1.45,4.75,6.5
2023-12-30,22475,seriea,Atalanta,Lecce,1,0,1.4919,1.38509,1.4919,1.38509,17,15,4,2,1.4,4.6,8.0
2023-12-30,22476,seriea,Cagliari,Empoli,0,0,1.4357,0.222516,0.674406,0.222516,15,5,3,1,2.05,3.4,3.6
2023-12-30,22480,seriea,Juventus,Roma,1,0,1.63273,0.39518,1.63273,0.39518,13,11,4,2,2.05,3.0,4.2
2023-12-30,22482,seriea,Udinese,Bologna,3,0,1.53169,0.766703,1.53169,0.766703,15,14,7,5,3.5,3.1,2.25
2023-12-30,22479,seriea,Verona,Salernitana,0,1,0.812164,0.768493,0.812164,0.768493,11,9,0,3,1.91,3.4,4.2
2024-01-05,22485,seriea,Bologna,Genoa,1,1,1.35919,0.153342,1.35919,0.153342,21,3,8,1,2.05,3.0,4.33
2024-01-06,22487,seriea,Frosinone,Monza,2,3,1.14998,1.45289,0.388678,1.45289,10,7,5,2,2.63,3.3,2.7
2024-01-06,22491,seriea,Inter,Verona,2,1,2.12311,1.36479,2.12311,0.566071,15,8,6,3,1.17,8.0,13.0
2024-01-06,22489,seriea,Lecce,Cagliari,1,1,1.61147,0.994223,1.61147,0.994223,15,14,2,2,2.2,3.25,3.4
2024-01-06,22490,seriea,Sassuolo,Fiorentina,1,0,0.701861,1.4924,0.701861,0.731098,7,9,1,3,3.25,3.5,2.15
2024-01-07,22486,seriea,Empoli,Milan,0,3,0.945682,1.51431,0.945682,0.753008,17,13,2,6,5.25,3.8,1.67
2024-01-07,22488,seriea,Roma,Atalanta,1,1,2.58182,1.11144,1.82052,1.11144,16,8,6,2,2.4,3.2,3.1
2024-01-07,22492,seriea,Salernitana,Juventus,1,2,0.930992,1.82515,0.930992,1.82515,8,18,3,3,7.5,4.5,1.4
2024-01-07,22494,seriea,Torino,Napoli,3,0,2.13004,1.14787,2.13004,1.14787,10,10,6,3,2.9,3.2,2.5
2024-01-07,22493,seriea,Udinese,Lazio,1,2,0.612027,0.498208,0.612027,0.498208,13,7,2,2,3.5,3.2,2.2
2024-01-13,22497,seriea,Genoa,Torino,0,0,0.575708,0.30855,0.575708,0.30855,11,6,6,0,2.9,3.0,2.63
2024-01-13,22504,seriea,Monza,Inter,1,5,1.07372,4.72502,0.312418,3.20242,9,20,2,7,7.0,4.0,1.5
2024-01-13,22501,seriea,Napoli,Salernitana,2,1,2.73312,0.151576,1.97182,0.151576,20,6,7,2,1.33,5.0,8.5
2024-01-13,22503,seriea,Verona,Empoli,2,1,1.25066,0.720625,1.25066,0.720625,12,14,7,1,2.15,3.25,3.5
2024-01-14,22500,seriea,Milan,Roma,3,1,1.57355,1.23713,1.57355,0.475828,17,12,5,5,2.2,3.2,3.5
2024-01-14,22502,seriea,Cagliari,Bologna,2,1,0.48909,0.738045,0.48909,0.738045,4,11,2,4,3.0,3.1,2.5
2024-01-14,22496,seriea,Fiorentina,Udinese,2,2,1.66667,1.16643,0.90537,1.16643,10,12,3,6,1.67,3.75,5.5
2024-01-14,22499,seriea,Lazio,Lecce,1,0,1.08287,0.971265,1.08287,0.971265,8,11,2,3,1.65,3.6,5.75
2024-01-15,22495,seriea,Atalanta,Frosinone,5,0,4.91726,0.434507,4.15596,0.434507,21,8,9,5,1.44,4.5,7.5
2024-01-16,22498,seriea,Juventus,Sassuolo,3,0,1.23237,0.29509,1.23237,0.29509,12,8,5,4,1.4,4.2,8.5
2024-01-20,22510,seriea,Roma,Verona,2,1,1.4542,1.09599,1.4542,0.334693,9,12,2,3,1.44,4.2,8.5
2024-01-20,22513,seriea,Udinese,Milan,2,3,0.813024,2.43121,0.813024,2.43121,11,15,6,7,4.0,3.8,1.85
2024-01-21,22506,seriea,Empoli,Monza,3,0,1.78103,0.868813,1.78103,0.868813,9,15,5,5,2.8,3.3,2.55
2024-01-21,22508,seriea,Frosinone,Cagliari,3,1,2.9278,0.599249,2.9278,0.599249,17,9,7,4,2.4,3.4,2.9
2024-01-21,22511,seriea,Lecce,Juventus,0,3,0.493249,2.48407,0.493249,2.48407,12,15,3,8,6.0,3.5,1.65
2024-01-21,22509,seriea,Salernitana,Genoa,1,2,1.1539,1.11078,1.1539,0.349484,11,5,2,5,3.6,3.2,2.15
2024-01-26,22523,seriea,Cagliari,Torino,1,2,1.97593,2.42275,1.97593,2.42275,25,16,10,6,3.5,3.2,2.2
2024-01-27,22518,seriea,Milan,Bologna,2,2,3.60116,2.07278,2.07856,1.31148,14,15,4,4,1.67,3.75,5.25
2024-01-27,22515,seriea,Atalanta,Udinese,2,0,1.32201,0.616693,1.32201,0.616693,14,13,11,5,1.5,4.5,6.0
2024-01-27,22517,seriea,Juventus,Empoli,1,1,0.990773,0.696403,0.990773,0.696403,9,16,3,5,1.29,5.5,10.0
2024-01-28,22522,seriea,Fiorentina,Inter,0,1,1.89212,0.617311,1.13082,0.617311,14,8,4,4,4.2,3.6,1.85
2024-01-28,22521,seriea,Genoa,Lecce,2,1,2.08542,2.29888,2.08542,1.44592,19,19,7,5,2.1,3.1,4.0
2024-01-28,22520,seriea,Lazio,Napoli,0,0,0.414353,0.169707,0.414353,0.169707,10,5,1,0,2.25,3.3,3.3
2024-01-28,22519,seriea,Monza,Sassuolo,1,0,0.419129,0.725542,0.419129,0.725542,12,14,1,3,2.25,3.4,3.2
2024-01-28,22516,seriea,Verona,Frosinone,1,1,2.29871,1.66579,0.697917,1.66579,15,11,5,6,2.45,3.3,2.9
2024-01-29,22524,seriea,Salernitana,Roma,1,2,1.42906,1.48834,1.42906,0.727045,15,5,7,2,5.25,3.8,1.67
2024-02-02,22534,seriea,Lecce,Fiorentina,3,2,2.31602,1.07539,2.31602,1.07539,16,10,8,3,3.75,3.2,2.1
2024-02-03,22528,seriea,Bologna,Sassuolo,4,2,0.889471,0.898681,0.889471,0.898681,19,12,4,4,1.7,3.75,5.0
2024-02-03,22530,seriea,Empoli,Genoa,0,0,0.58479,0.577479,0.58479,0.577479,15,10,4,2,3.0,3.0,2.6
2024-02-03,22531,seriea,Frosinone,Milan,2,3,1.0672,2.01173,0.305904,2.01173,7,13,4,5,5.0,4.2,1.62
2024-02-03,22527,seriea,Udinese,Monza,0,0,0.780762,0.124799,0.780762,0.124799,21,3,6,2,2.25,3.3,3.3
2024-02-04,22526,seriea,Atalanta,Lazio,3,1,2.87997,1.29656,2.11867,0.535262,19,7,5,1,2.05,3.4,3.75
2024-02-04,22532,seriea,Inter,Juventus,1,0,1.64254,0.597312,1.64254,0.597312,15,12,3,1,1.8,3.5,4.75
2024-02-04,22525,seriea,Napoli,Verona,2,1,1.97716,1.18484,1.97716,1.18484,19,12,8,2,1.4,4.5,8.5
2024-02-04,22529,seriea,Torino,Salernitana,0,0,0.742534,0.0814573,0.742534,0.0814573,13,3,1,1,1.5,4.0,7.5
2024-02-05,22533,seriea,Roma,Cagliari,4,0,3.35931,0.503174,2.59801,0.503174,20,12,6,3,1.44,4.33,7.5
2024-02-09,22541,seriea,Salernitana,Empoli,1,3,0.799924,2.14988,0.799924,1.38858,13,17,4,3,2.38,3.2,3.2
2024-02-10,22536,seriea,Cagliari,Lazio,1,3,0.69339,1.60335,0.69339,1.60335,13,12,6,5,3.5,3.3,2.15
2024-02-10,22544,seriea,Roma,Inter,2,4,1.00864,1.24183,1.00864,1.24183,8,10,3,6,4.2,3.5,1.91
2024-02-10,22540,seriea,Sassuolo,Torino,1,1,0.803849,1.11139,0.803849,1.11139,11,13,4,2,3.4,3.3,2.2
2024-02-11,22539,seriea,Milan,Napoli,1,0,1.37304,0.502118,1.37304,0.502118,10,12,6,2,1.95,3.6,3.8
2024-02-11,22535,seriea,Bologna,Lecce,4,0,1.77523,1.10831,1.77523,1.10831,16,14,6,3,1.73,3.6,5.25
2024-02-11,22537,seriea,Fiorentina,Frosinone,5,1,3.17846,1.2861,3.17846,1.2861,18,11,7,3,1.5,4.33,6.5
2024-02-11,22542,seriea,Genoa,Atalanta,1,4,0.906299,2.84643,0.906299,2.84643,15,14,6,9,3.75,3.3,2.05
2024-02-11,22543,seriea,Monza,Verona,0,0,0.831924,0.576842,0.831924,0.576842,11,10,1,1,2.05,3.4,3.75
2024-02-12,22538,seriea,Juventus,Udinese,0,1,2.01527,1.13222,2.01527,1.13222,14,8,6,1,1.44,4.5,8.0
2024-02-14,22505,seriea,Bologna,Fiorentina,2,0,2.65166,0.969673,2.65166,0.969673,18,12,7,3,2.3,3.2,3.2
2024-02-16,22550,seriea,Inter,Salernitana,4,0,4.48759,0.0464174,4.48759,0.0464174,26,1,10,0,1.14,8.5,15.0
2024-02-16,22547,seriea,Torino,Lecce,2,0,1.52802,0.415653,1.52802,0.415653,12,8,4,4,1.8,3.4,4.75
2024-02-17,22554,seriea,Atalanta,Sassuolo,3,0,5.00929,1.81361,5.00929,1.05232,28,12,13,4,1.36,5.5,8.0
2024-02-17,22546,seriea,Napoli,Genoa,1,1,1.18788,0.285006,1.18788,0.285006,25,6,7,4,1.6,3.75,6.0
2024-02-17,22551,seriea,Verona,Juventus,2,2,0.617246,1.80606,0.617246,1.04476,14,18,9,4,5.75,3.5,1.67
2024-02-18,22553,seriea,Empoli,Fiorentina,1,1,0.945067,0.920295,0.183768,0.920295,5,9,4,4,3.75,3.3,2.05
2024-02-18,22552,seriea,Frosinone,Roma,0,3,1.62402,1.81853,1.62402,1.05723,25,13,7,5,3.8,3.75,1.91
2024-02-18,22549,seriea,Lazio,Bologna,1,2,1.14123,1.16044,1.14123,1.16044,12,11,7,3,2.3,3.1,3.4
2024-02-18,22548,seriea,Monza,Milan,4,2,1.6186,1.33102,0.857297,1.33102,12,16,6,6,4.75,3.5,1.8
2024-02-18,22545,seriea,Udinese,Cagliari,1,1,1.17588,0.817344,1.17588,0.817344,17,5,3,2,1.91,3.6,4.0
2024-02-22,22512,seriea,Torino,Lazio,0,2,1.94911,0.352376,1.94911,0.352376,24,7,4,4,2.4,2.9,3.25
2024-02-23,22555,seriea,Bologna,Verona,2,0,2.33279,0.701896,2.33279,0.701896,12,7,3,3,1.55,3.8,7.0
2024-02-24,22558,seriea,Genoa,Udinese,2,0,1.62322,0.322829,1.62322,0.322829,19,5,4,1,2.25,3.0,3.6
2024-02-24,22564,seriea,Salernitana,Monza,0,2,0.728802,2.6089,0.728802,2.6089,11,17,3,7,3.0,3.1,2.5
2024-02-24,22561,seriea,Sassuolo,Empoli,2,3,1.60152,2.52542,0.840225,1.76412,19,14,5,6,2.2,3.4,3.3
2024-02-25,22560,seriea,Milan,Atalanta,1,1,1.38915,1.06552,1.38915,0.304224,20,8,7,3,2.38,3.4,3.0
2024-02-25,22556,seriea,Cagliari,Napoli,1,1,0.916353,1.46253,0.916353,1.46253,8,9,3,4,4.2,3.75,1.83
2024-02-25,22562,seriea,Juventus,Frosinone,3,2,1.74414,0.570671,1.74414,0.570671,22,7,5,3,1.3,5.5,10.0
2024-02-25,22563,seriea,Lecce,Inter,0,4,0.928229,3.07379,0.928229,3.07379,14,11,2,7,7.0,4.5,1.44
2024-02-26,22557,seriea,Fiorentina,Lazio,2,1,3.86937,0.611852,3.10807,0.611852,22,5,7,1,2.25,3.1,3.5
2024-02-26,22559,seriea,Roma,Torino,3,2,1.52399,0.551839,0.762693,0.551839,6,14,3,6,1.91,3.25,4.5
2024-02-28,22507,seriea,Inter,Atalanta,4,0,2.91852,0.258264,2.06688,0.258264,15,6,7,1,1.62,4.0,5.5
2024-02-28,22514,seriea,Sassuolo,Napoli,1,6,0.237572,2.7969,0.237572,2.7969,5,27,2,9,4.0,3.8,1.8
2024-03-01,22568,seriea,Lazio,Milan,0,1,1.59899,0.849675,1.59899,0.849675,11,14,3,5,3.5,3.2,2.2
2024-03-02,22569,seriea,Monza,Roma,1,4,1.01584,1.89657,1.01584,1.13527,16,12,5,6,3.75,3.4,2.05
2024-03-02,22571,seriea,Torino,Fiorentina,0,0,0.561691,0.697752,0.561691,0.697752,8,14,2,3,2.63,3.0,2.9
2024-03-02,22574,seriea,Udinese,Salernitana,1,1,1.98278,0.839171,1.98278,0.839171,18,17,5,1,1.65,3.8,5.75
2024-03-03,22565,seriea,Atalanta,Bologna,1,2,1.20723,1.58258,1.20723,0.821283,11,11,2,6,1.91,3.4,4.2
2024-03-03,22570,seriea,Empoli,Cagliari,0,1,1.50581,0.428646,1.50581,0.428646,16,8,3,4,2.15,3.25,3.6
2024-03-03,22566,seriea,Frosinone,Lecce,1,1,1.53511,1.29494,1.53511,0.533641,15,11,7,4,2.25,3.3,3.3
2024-03-03,22573,seriea,Napoli,Juventus,2,1,1.7764,2.0359,0.866681,2.0359,14,18,7,4,2.38,3.1,3.3
2024-03-03,22567,seriea,Verona,Sassuolo,1,0,0.504318,0.360012,0.504318,0.360012,10,13,5,2,2.2,3.4,3.25
2024-03-04,22572,seriea,Inter,Genoa,2,1,2.90423,1.17046,2.14293,1.17046,16,10,5,2,1.3,5.75,9.5
2024-03-08,22584,seriea,Napoli,Torino,1,1,1.61516,1.12784,1.61516,1.12784,22,11,8,2,1.75,3.6,5.0
2024-03-09,22575,seriea,Bologna,Inter,0,1,0.668681,0.81996,0.668681,0.81996,19,5,3,4,3.5,3.3,2.15
2024-03-09,22576,seriea,Cagliari,Salernitana,4,2,3.41823,1.17253,3.41823,1.17253,12,12,7,5,1.83,3.6,4.33
2024-03-09,22582,seriea,Genoa,Monza,2,3,1.81546,1.66208,0.879863,1.66208,22,9,6,5,2.15,3.2,3.5
2024-03-09,22580,seriea,Sassuolo,Frosinone,1,0,0.596618,1.38509,0.596618,0.623792,10,11,4,1,2.2,3.6,3.1
2024-03-10,22579,seriea,Milan,Empoli,1,0,0.988992,0.419598,0.988992,0.419598,15,5,5,2,1.44,5.0,6.5
2024-03-10,22577,seriea,Fiorentina,Roma,2,2,2.47793,0.776614,1.71663,0.776614,15,10,5,5,2.55,3.3,2.75
2024-03-10,22578,seriea,Juventus,Atalanta,2,2,1.66716,0.470912,1.66716,0.470912,18,7,5,3,2.2,3.3,3.3
2024-03-10,22581,seriea,Lecce,Verona,0,1,1.03517,0.556534,1.03517,0.556534,15,13,3,4,2.2,3.25,3.4
2024-03-11,22583,seriea,Lazio,Udinese,1,2,2.15139,1.48854,2.15139,1.48854,18,14,6,5,1.91,3.5,4.0
2024-03-15,22591,seriea,Empoli,Bologna,0,1,0.868895,2.30568,0.868895,2.30568,10,20,1,9,4.0,3.2,2.0
2024-03-16,22586,seriea,Frosinone,Lazio,2,3,1.90054,3.30539,1.90054,3.30539,14,22,5,7,3.5,3.4,2.15
2024-03-16,22590,seriea,Monza,Cagliari,1,0,1.4436,0.443858,1.4436,0.443858,15,10,3,0,2.05,3.5,3.6
2024-03-16,22594,seriea,Salernitana,Lecce,0,1,1.45145,2.01475,1.45145,2.01475,15,17,6,4,2.9,3.2,2.5
2024-03-16,22593,seriea,Udinese,Torino,0,2,0.384805,1.54612,0.384805,1.54612,12,12,1,5,2.8,2.9,2.8
2024-03-17,22587,seriea,Inter,Napoli,1,1,1.37916,1.36148,1.37916,1.36148,19,11,6,3,1.57,4.0,6.0
2024-03-17,22589,seriea,Juventus,Genoa,0,0,1.38709,0.175513,1.38709,0.175513,17,5,2,2,1.5,4.0,7.0
2024-03-17,22592,seriea,Roma,Sassuolo,1,0,0.858457,0.777601,0.858457,0.777601,10,8,4,2,1.36,4.75,8.0
2024-03-17,22588,seriea,Verona,Milan,1,3,0.565727,2.75283,0.565727,2.75283,15,18,4,6,5.25,3.75,1.7
2024-03-30,22601,seriea,Fiorentina,Milan,1,2,1.69969,3.17431,1.69969,3.17431,17,14,7,10,2.88,3.3,2.5
2024-03-30,22602,seriea,Genoa,Frosinone,1,1,1.65796,1.00689,0.896658,1.00689,9,15,3,3,1.95,3.6,3.8
2024-03-30,22603,seriea,Lazio,Juventus,1,0,1.24248,0.479175,1.24248,0.479175,16,9,4,3,3.1,3.1,2.45
2024-03-30,22598,seriea,Napoli,Atalanta,0,3,1.83498,1.55904,1.83498,1.55904,20,12,6,6,2.1,3.6,3.4
2024-03-30,22604,seriea,Torino,Monza,1,0,1.61585,0.560169,0.854551,0.560169,15,9,6,2,1.83,3.4,4.75
2024-04-01,22596,seriea,Bologna,Salernitana,3,0,1.85322,0.702173,1.85322,0.702173,14,8,3,2,1.3,5.5,10.0
2024-04-01,22595,seriea,Cagliari,Verona,1,1,0.594452,1.09202,0.594452,1.09202,11,8,2,5,2.15,3.2,3.6
2024-04-01,22599,seriea,Inter,Empoli,2,0,2.03375,0.560443,2.03375,0.560443,19,14,7,3,1.22,7.0,12.0
2024-04-01,22600,seriea,Lecce,Roma,0,0,1.97592,1.69372,1.97592,1.69372,27,10,6,3,4.5,3.5,1.83
2024-04-01,22597,seriea,Sassuolo,Udinese,1,1,1.47611,1.72665,1.47611,1.72665,14,12,5,3,2.75,3.25,2.6
2024-04-05,22611,seriea,Salernitana,Sassuolo,2,2,1.2795,1.88042,0.518199,1.88042,5,16,2,5,3.25,3.5,2.2
2024-04-06,22612,seriea,Milan,Lecce,3,0,2.41313,0.841362,2.41313,0.841362,16,12,8,7,1.36,4.75,8.5
2024-04-06,22609,seriea,Empoli,Torino,3,2,0.487874,2.5343,0.487874,2.5343,4,19,3,5,3.5,3.2,2.25
2024-04-06,22608,seriea,Roma,Lazio,1,0,0.635152,0.480271,0.635152,0.480271,15,11,3,1,2.2,3.1,3.6
2024-04-07,22613,seriea,Cagliari,Atalanta,2,1,0.715338,0.772446,0.715338,0.772446,11,7,3,2,4.75,3.8,1.73
2024-04-07,22614,seriea,Frosinone,Bologna,0,0,0.568316,2.46415,0.568316,2.46415,12,13,5,5,4.2,3.5,1.91
2024-04-07,22605,seriea,Juventus,Fiorentina,1,0,2.46449,0.508961,2.46449,0.508961,7,13,2,2,1.83,3.4,4.75
2024-04-07,22610,seriea,Monza,Napoli,2,4,0.414034,2.70294,0.414034,2.70294,7,19,2,8,4.0,3.8,1.85
2024-04-07,22606,seriea,Verona,Genoa,1,2,0.961468,2.01327,0.961468,2.01327,12,11,3,5,2.75,3.0,2.8
2024-04-08,22607,seriea,Udinese,Inter,1,2,0.0699579,3.41188,0.0699579,2.65058,3,23,1,6,6.5,4.5,1.5
2024-04-12,22615,seriea,Lazio,Salernitana,4,1,2.50164,0.544591,2.50164,0.544591,17,8,6,5,1.33,5.0,9.5
2024-04-13,22622,seriea,Bologna,Monza,0,0,2.77216,0.409248,2.77216,0.409248,17,4,7,0,1.55,4.0,6.5
2024-04-13,22617,seriea,Lecce,Empoli,1,0,3.15126,0.136102,3.15126,0.136102,14,3,7,0,2.25,3.1,3.6
2024-04-13,22619,seriea,Torino,Juventus,0,0,0.834792,1.25957,0.834792,1.25957,13,8,2,3,3.75,3.0,2.2
2024-04-14,22616,seriea,Inter,Cagliari,2,2,1.95072,1.10904,1.18942,1.10904,12,11,7,6,1.18,8.0,12.0
2024-04-14,22618,seriea,Napoli,Frosinone,2,2,2.7326,2.31434,2.7326,1.55304,20,13,9,6,1.33,5.5,8.0
2024-04-14,22620,seriea,Sassuolo,Milan,3,3,1.37198,3.05285,1.37198,3.05285,10,23,5,7,4.5,3.8,1.75
2024-04-15,22624,seriea,Atalanta,Verona,2,2,1.67088,1.10418,1.67088,1.10418,16,13,9,5,1.45,4.5,7.0
2024-04-15,22623,seriea,Fiorentina,Genoa,1,1,1.78763,1.59509,1.78763,0.833795,20,7,3,3,1.85,3.5,4.33
2024-04-19,22625,seriea,Cagliari,Juventus,2,2,1.97822,0.595113,0.455623,0.595113,9,11,4,3,5.0,3.5,1.75
2024-04-19,22627,seriea,Genoa,Lazio,0,1,0.608539,0.952136,0.608539,0.952136,8,13,2,1,3.1,3.1,2.45
2024-04-20,22626,seriea,Empoli,Napoli,1,0,1.25351,0.891755,1.25351,0.891755,7,9,1,1,4.75,4.0,1.7
2024-04-20,22628,seriea,Verona,Udinese,1,0,1.29522,1.97219,1.29522,1.97219,16,18,4,1,2.55,3.1,3.0
2024-04-21,22629,seriea,Monza,Atalanta,1,2,0.878869,2.19828,0.878869,2.19828,17,12,2,6,4.0,3.8,1.85
2024-04-21,22631,seriea,Salernitana,Fiorentina,0,2,0.32683,2.45106,0.32683,2.45106,5,12,1,7,5.0,4.0,1.67
2024-04-21,22634,seriea,Sassuolo,Lecce,0,3,0.410145,2.36614,0.410145,2.36614,10,14,3,8,2.3,3.3,3.2
2024-04-21,22632,seriea,Torino,Frosinone,0,0,0.520991,0.57895,0.520991,0.57895,13,12,2,3,1.67,3.8,5.25
2024-04-22,22633,seriea,Milan,Inter,1,2,2.51108,1.62976,2.51108,1.62976,15,11,6,3,3.75,3.6,2.0
2024-04-22,22630,seriea,Roma,Bologna,1,3,1.83356,1.25682,1.83356,1.25682,14,11,5,3,2.4,3.1,3.2
2024-04-26,22640,seriea,Frosinone,Salernitana,3,0,1.75172,1.03098,0.990425,1.03098,11,17,4,2,1.4,4.75,7.5
2024-04-27,22638,seriea,Juventus,Milan,0,0,1.76562,0.277994,1.76562,0.277994,18,9,7,0,2.1,3.3,3.6
2024-04-27,22635,seriea,Lazio,Verona,1,0,1.31699,0.629309,1.31699,0.629309,17,7,5,1,1.62,3.8,6.0
2024-04-27,22639,seriea,Lecce,Monza,1,1,0.927644,1.09563,0.927644,0.334335,12,9,4,1,2.0,3.25,4.0
2024-04-28,22644,seriea,Atalanta,Empoli,2,0,2.13088,0.593896,1.36958,0.593896,17,11,5,2,1.44,4.5,7.5
2024-04-28,22642,seriea,Bologna,Udinese,1,1,0.709144,0.613931,0.709144,0.613931,15,11,4,4,1.6,3.8,6.0
2024-04-28,22643,seriea,Fiorentina,Sassuolo,5,1,4.29626,0.268378,4.29626,0.268378,22,7,10,2,1.7,3.8,5.0
2024-04-28,22641,seriea,Inter,Torino,2,0,1.90101,0.45813,1.13971,0.45813,17,11,5,3,1.53,3.8,7.0
2024-04-28,22636,seriea,Napoli,Roma,2,2,3.87555,1.78885,3.11425,1.02755,27,10,9,4,1.95,3.6,4.0
2024-04-29,22637,seriea,Genoa,Cagliari,3,0,1.09421,0.781529,1.09421,0.781529,12,12,5,1,2.25,3.1,3.5
2024-05-03,22648,seriea,Torino,Bologna,0,0,0.786625,0.169889,0.786625,0.169889,8,5,1,1,2.88,2.8,2.88
2024-05-04,22653,seriea,Monza,Lazio,2,2,2.08077,1.57454,2.08077,1.57454,17,9,7,5,4.33,3.75,1.83
2024-05-04,22651,seriea,Sassuolo,Inter,1,0,0.334967,1.63693,0.334967,1.63693,6,14,2,1,6.0,4.5,1.5
2024-05-05,22650,seriea,Milan,Genoa,3,3,2.31497,0.91116,2.31497,0.149861,26,6,7,2,1.45,4.5,6.5
2024-05-05,22645,seriea,Cagliari,Lecce,1,1,0.923968,1.81298,0.923968,1.81298,9,16,3,3,2.15,3.2,3.75
2024-05-05,22646,seriea,Empoli,Frosinone,0,0,0.318217,0.947755,0.318217,0.947755,7,17,1,5,2.38,3.3,3.1
2024-05-05,22652,seriea,Roma,Juventus,1,1,1.60597,0.95263,1.60597,0.95263,19,16,5,6,2.88,3.1,2.7
2024-05-05,22649,seriea,Verona,Fiorentina,2,1,1.49212,1.10741,0.730824,1.10741,9,13,4,4,3.1,3.3,2.3
2024-05-06,22647,seriea,Salernitana,Atalanta,1,2,0.497067,2.26499,0.497067,2.26499,9,17,2,4,7.5,5.5,1.36
2024-05-06,22654,seriea,Udinese,Napoli,1,1,0.521861,1.1157,0.521861,1.1157,10,12,2,4,3.75,3.6,1.95
2024-05-10,22657,seriea,Frosinone,Inter,0,5,1.88809,2.05666,1.88809,2.05666,17,14,8,5,4.5,4.0,1.73
2024-05-11,22663,seriea,Milan,Cagliari,5,1,3.56305,1.33911,3.56305,1.33911,17,13,10,7,1.4,5.25,6.5
2024-05-11,22662,seriea,Napoli,Bologna,0,2,1.48316,1.74055,0.721862,1.74055,16,11,6,4,2.1,3.4,3.5
2024-05-12,22655,seriea,Atalanta,Roma,2,1,2.85949,1.17185,2.85949,0.410547,24,9,7,6,2.0,3.6,3.6
2024-05-12,22658,seriea,Genoa,Sassuolo,2,1,0.81296,1.69037,0.81296,0.929069,8,12,2,4,2.2,3.5,3.2
2024-05-12,22660,seriea,Juventus,Salernitana,1,1,2.36999,0.921042,2.36999,0.921042,25,13,6,4,1.14,8.5,17.0
2024-05-12,22664,seriea,Lazio,Empoli,2,0,1.61078,1.10282,1.61078,1.10282,11,16,5,3,1.57,4.0,5.75
2024-05-12,22659,seriea,Verona,Torino,1,2,1.09252,0.956758,1.09252,0.956758,13,6,5,2,3.0,3.0,2.55
2024-05-13,22656,seriea,Fiorentina,Monza,2,1,2.45011,1.19628,2.45011,1.19628,15,5,8,2,1.55,4.2,5.75
2024-05-13,22661,seriea,Lecce,Udinese,0,2,0.3485,1.63735,0.3485,1.63735,9,16,2,3,2.63,3.1,2.8
2024-05-17,22666,seriea,Fiorentina,Napoli,2,2,0.566509,1.32124,0.566509,1.32124,14,15,5,3,2.25,3.4,3.1
2024-05-18,22668,seriea,Lecce,Atalanta,0,2,1.03049,2.22033,1.03049,2.22033,11,19,3,9,4.5,3.8,1.75
2024-05-18,22674,seriea,Torino,Milan,3,1,1.08012,1.64179,1.08012,0.880493,11,16,5,4,2.8,3.2,2.6
2024-05-19,22667,seriea,Inter,Lazio,1,1,1.61165,0.686603,1.61165,0.686603,19,8,7,3,1.62,4.0,5.0
2024-05-19,22671,seriea,Monza,Frosinone,0,1,1.24886,2.22694,1.24886,2.22694,14,16,2,5,3.0,3.4,2.3
2024-05-19,22672,seriea,Roma,Genoa,1,0,0.736827,0.508028,0.736827,0.508028,21,11,6,4,1.48,4.2,7.0
2024-05-19,22669,seriea,Sassuolo,Cagliari,0,2,0.269648,1.47384,0.269648,0.712542,7,13,0,3,2.35,3.3,3.1
2024-05-19,22670,seriea,Udinese,Empoli,1,1,1.66873,0.82957,0.907432,0.0682712,8,4,2,1,2.0,3.4,3.8
2024-05-20,22665,seriea,Bologna,Juventus,3,3,1.379,1.27372,1.379,1.27372,10,11,5,4,2.45,3.1,3.1
2024-05-20,22673,seriea,Salernitana,Verona,1,2,0.900837,2.33362,0.900837,2.33362,9,17,1,5,5.0,3.8,1.7
2024-05-23,22676,seriea,Cagliari,Fiorentina,2,3,2.08262,2.21632,2.08262,1.45502,14,11,6,5,4.2,3.75,1.8
2024-05-24,22683,seriea,Genoa,Bologna,2,0,1.5757,0.450804,1.5757,0.450804,14,11,3,1,3.4,3.4,2.15
2024-05-25,22682,seriea,Milan,Salernitana,3,3,2.82527,1.80163,2.82527,1.80163,23,14,11,6,1.18,8.0,12.0
2024-05-25,22680,seriea,Juventus,Monza,2,0,1.92843,1.13394,1.92843,1.13394,12,12,4,4,1.33,5.5,8.5
2024-05-26,22675,seriea,Atalanta,Torino,3,0,2.56869,1.69527,1.80739,1.69527,18,8,7,1,3.3,3.5,2.1
2024-05-26,22677,seriea,Empoli,Roma,2,1,2.88989,1.45583,2.88989,1.45583,17,15,7,3,1.95,3.6,3.6
2024-05-26,22678,seriea,Frosinone,Udinese,0,1,0.869244,0.895463,0.869244,0.895463,21,10,5,5,2.38,3.25,3.0
2024-05-26,22681,seriea,Lazio,Sassuolo,1,1,1.25146,1.11933,1.25146,1.11933,8,8,6,3,1.36,5.25,7.5
2024-05-26,22684,seriea,Napoli,Lecce,0,0,1.83014,0.622384,1.83014,0.622384,24,10,5,0,1.42,5.0,6.25
2024-05-26,22679,seriea,Verona,Inter,2,2,1.63678,2.99853,1.63678,2.99853,18,15,8,11,5.5,4.0,1.53
2024-06-02,22585,seriea,Atalanta,Fiorentina,2,3,1.69732,1.0071,1.69732,1.0071,12,8,3,4,1.48,4.75,6.0
2024-08-17,27365,seriea,Milan,Torino,2,2,2.1004,0.876602,2.1004,0.876602,20,6,6,3,1.62,3.8,5.75
2024-08-17,27364,seriea,Empoli,Monza,0,0,0.578573,0.327848,0.578573,0.327848,9,4,1,1,2.5,3.2,3.0
2024-08-17,27362,seriea,Genoa,Inter,2,2,2.31286,2.00656,1.40418,2.00656,10,14,6,9,6.5,4.0,1.53
2024-08-17,27363,seriea,Parma,Fiorentina,1,1,1.83796,0.81313,1.83796,0.81313,13,14,5,7,3.5,3.2,2.2
2024-08-18,27367,seriea,Bologna,Udinese,1,1,3.3102,0.944621,2.5489,0.183322,22,4,7,2,1.91,3.4,4.33
2024-08-18,27368,seriea,Cagliari,Roma,0,0,1.30634,1.29639,1.30634,1.29639,12,13,2,3,4.1,3.4,1.95
2024-08-18,27369,seriea,Lazio,Venezia,3,1,2.33223,0.789649,1.57093,0.789649,13,11,6,3,1.48,4.1,7.5
2024-08-18,27366,seriea,Verona,Napoli,3,0,1.80536,0.975176,1.80536,0.975176,8,15,5,5,4.75,3.6,1.75
2024-08-19,27371,seriea,Juventus,Como,3,0,1.30582,0.171238,1.30582,0.171238,12,1,9,1,1.33,5.0,9.5
2024-08-19,27370,seriea,Lecce,Atalanta,0,4,1.88414,2.45909,1.88414,1.69779,19,10,5,6,4.2,3.7,1.85
2024-08-24,27375,seriea,Inter,Lecce,2,0,2.48059,0.335346,1.71929,0.335346,11,10,3,4,1.2,7.0,13.0
2024-08-24,27374,seriea,Monza,Genoa,0,1,0.401371,0.660299,0.401371,0.660299,9,11,2,1,2.6,3.1,2.88
2024-08-24,27372,seriea,Parma,Milan,2,1,2.46266,2.09812,2.46266,2.09812,8,17,5,5,4.75,3.9,1.7
2024-08-24,27373,seriea,Udinese,Lazio,2,1,1.11581,1.68277,1.11581,1.68277,8,17,3,5,3.3,3.1,2.35
2024-08-25,27376,seriea,Fiorentina,Venezia,0,0,0.660213,1.01295,0.660213,1.01295,12,7,8,4,1.42,4.75,7.0
2024-08-25,27378,seriea,Napoli,Bologna,3,0,2.07052,0.544518,2.07052,0.544518,16,9,5,2,1.9,3.5,4.1
2024-08-25,27379,seriea,Roma,Empoli,1,2,2.04246,3.0773,2.04246,2.31601,17,10,6,3,1.5,4.33,6.5
2024-08-25,27377,seriea,Torino,Atalanta,2,1,2.49919,3.08667,2.49919,2.32537,13,24,6,8,3.2,3.1,2.38
2024-08-26,27380,seriea,Cagliari,Como,1,1,1.03532,2.08973,1.03532,2.08973,11,13,5,4,2.1,3.4,3.4
2024-08-26,27381,seriea,Verona,Juventus,0,3,0.878611,1.36151,0.878611,0.600212,7,7,1,5,5.25,3.75,1.67
2024-08-30,27383,seriea,Inter,Atalanta,4,0,2.28876,1.17772,2.28876,1.17772,13,11,5,1,1.57,4.33,5.5
2024-08-30,27382,seriea,Venezia,Torino,0,1,0.635612,1.80895,0.635612,1.80895,13,12,4,6,3.4,3.3,2.2
2024-08-31,27385,seriea,Bologna,Empoli,1,1,1.35876,1.11428,1.35876,1.11428,14,4,3,2,1.62,3.75,6.0
2024-08-31,27387,seriea,Lazio,Milan,2,2,2.32967,1.34242,2.32967,1.34242,7,10,5,4,2.9,3.4,2.4
2024-08-31,27384,seriea,Lecce,Cagliari,1,0,2.34113,2.09263,2.34113,2.09263,17,21,4,2,2.25,3.2,3.4
2024-08-31,27386,seriea,Napoli,Parma,2,1,2.33511,1.90229,2.33511,1.14099,29,13,7,2,1.48,4.33,7.0
2024-09-01,27388,seriea,Fiorentina,Monza,2,2,2.41541,0.489982,2.41541,0.489982,15,4,5,3,1.67,3.9,5.0
2024-09-01,27389,seriea,Genoa,Verona,0,2,1.34735,2.09653,1.34735,1.33524,11,10,1,3,2.0,3.3,4.0
2024-09-01,27390,seriea,Juventus,Roma,0,0,0.415282,0.382591,0.415282,0.382591,8,7,1,1,1.75,3.6,5.0
2024-09-01,27391,seriea,Udinese,Como,1,0,1.18455,1.65728,1.18455,0.895985,10,21,3,4,2.05,3.4,3.75
2024-09-14,27398,seriea,Milan,Venezia,4,0,2.18898,0.263269,0.666383,0.263269,12,6,8,1,1.3,5.75,9.0
2024-09-14,27397,seriea,Como,Bologna,2,2,1.45782,1.15087,1.45782,1.15087,14,14,4,4,3.0,3.25,2.45
2024-09-14,27392,seriea,Empoli,Juventus,0,0,0.601249,0.726024,0.601249,0.726024,8,15,3,3,5.25,3.6,1.7
2024-09-15,27393,seriea,Atalanta,Fiorentina,3,2,2.4507,1.96392,2.4507,1.96392,13,13,7,5,1.8,3.6,4.5
2024-09-15,27395,seriea,Cagliari,Napoli,0,4,0.881581,1.42805,0.881581,1.42805,16,12,3,5,4.33,3.75,1.8
2024-09-15,27394,seriea,Genoa,Roma,1,1,1.59603,2.65805,1.59603,2.65805,20,16,8,6,3.25,3.3,2.25
2024-09-15,27399,seriea,Monza,Inter,1,1,0.217777,1.8081,0.217777,1.8081,5,16,2,2,8.0,4.75,1.4
2024-09-15,27401,seriea,Torino,Lecce,0,0,0.447368,1.6617,0.447368,1.6617,5,20,0,6,1.8,3.5,4.75
2024-09-16,27396,seriea,Lazio,Verona,2,1,1.79243,0.533276,1.79243,0.533276,14,7,7,2,1.62,3.8,6.0
2024-09-16,27400,seriea,Parma,Udinese,2,3,0.87968,3.08828,0.87968,3.08828,9,18,3,6,2.25,3.4,3.2
2024-09-20,27403,seriea,Cagliari,Empoli,0,2,1.68655,1.02688,1.68655,1.02688,21,9,2,4,2.15,3.4,3.4
2024-09-20,27405,seriea,Verona,Torino,2,3,0.777792,1.96682,0.777792,1.20552,8,16,2,3,2.7,3.0,2.8
2024-09-21,27407,seriea,Juventus,Napoli,0,0,0.419301,0.233773,0.419301,0.233773,9,8,1,1,2.2,3.4,3.3
2024-09-21,27408,seriea,Lecce,Parma,2,2,1.25857,2.054,1.25857,2.054,14,24,3,10,2.2,3.5,3.25
2024-09-21,27411,seriea,Venezia,Genoa,2,0,2.33503,0.388857,1.57373,0.388857,12,9,4,0,3.25,3.2,2.35
2024-09-22,27404,seriea,Fiorentina,Lazio,2,1,2.85634,1.14467,1.33374,1.14467,14,20,5,6,2.25,3.4,3.2
2024-09-22,27406,seriea,Inter,Milan,1,2,0.941382,2.75751,0.941382,2.75751,13,16,4,8,1.65,4.0,5.25
2024-09-22,27409,seriea,Monza,Bologna,1,2,0.707402,1.45302,0.707402,1.45302,6,15,3,8,3.3,3.1,2.4
2024-09-22,27410,seriea,Roma,Udinese,3,0,2.5658,0.525078,1.8045,0.525078,14,9,6,3,1.62,4.2,5.25
2024-09-24,27402,seriea,Atalanta,Como,2,3,1.31694,0.579703,0.555641,0.579703,8,14,5,7,1.44,4.5,7.0
2024-09-27,27417,seriea,Milan,Lecce,3,0,2.43265,0.462274,2.43265,0.462274,15,16,6,7,1.33,5.75,8.0
2024-09-28,27412,seriea,Bologna,Atalanta,1,1,0.176428,2.47751,0.176428,2.47751,5,23,1,5,3.0,3.3,2.4
2024-09-28,27416,seriea,Genoa,Juventus,0,3,0.385259,2.91803,0.385259,2.15673,7,12,2,3,5.5,3.5,1.7
2024-09-28,27413,seriea,Udinese,Inter,2,3,0.984798,2.30465,0.984798,2.30465,10,16,3,7,7.0,4.33,1.48
2024-09-29,27414,seriea,Como,Verona,3,2,2.47493,1.5544,2.47493,0.793105,24,6,11,3,2.1,3.4,3.6
2024-09-29,27415,seriea,Empoli,Fiorentina,0,0,0.44778,1.25438,0.44778,1.25438,8,13,1,0,3.4,3.3,2.2
2024-09-29,27418,seriea,Napoli,Monza,2,0,1.35886,0.298287,1.35886,0.298287,11,5,2,1,1.36,5.0,8.5
2024-09-29,27420,seriea,Roma,Venezia,2,1,1.99001,2.02845,1.99001,2.02845,22,18,5,7,1.4,4.75,8.0
2024-09-29,27421,seriea,Torino,Lazio,2,3,0.494815,2.24735,0.494815,2.24735,12,13,7,7,2.9,3.1,2.55
2024-09-30,27419,seriea,Parma,Cagliari,2,3,2.98598,3.057,2.22468,3.057,18,11,4,4,2.1,3.6,3.4
2024-10-04,27430,seriea,Napoli,Como,3,1,1.91407,0.638474,1.15277,0.638474,9,11,6,2,1.45,4.33,7.0
2024-10-04,27427,seriea,Verona,Venezia,2,1,2.10738,1.43755,2.10738,1.43755,13,11,4,2,2.5,3.2,2.9
2024-10-05,27422,seriea,Atalanta,Genoa,5,1,4.0137,0.543171,3.2524,0.543171,23,7,8,2,1.45,4.75,6.5
2024-10-05,27428,seriea,Inter,Torino,3,2,3.44641,1.29026,3.44641,0.528958,29,7,8,5,1.3,5.0,11.0
2024-10-05,27431,seriea,Udinese,Lecce,1,0,1.56312,0.645952,1.56312,0.645952,13,9,4,3,2.2,3.3,3.3
2024-10-06,27424,seriea,Bologna,Parma,0,0,0.835615,1.08533,0.835615,1.08533,19,13,3,2,1.8,3.7,4.33
2024-10-06,27426,seriea,Fiorentina,Milan,2,1,1.94286,2.83446,1.18156,1.31187,12,16,3,8,3.1,3.6,2.2
2024-10-06,27429,seriea,Juventus,Cagliari,1,1,3.21709,1.045,2.45579,0.283699,21,9,9,2,1.38,5.0,8.0
2024-10-06,27423,seriea,Lazio,Empoli,2,1,2.0459,0.912844,1.19334,0.912844,16,7,6,2,1.57,4.0,6.0
2024-10-06,27425,seriea,Monza,Roma,1,1,1.11968,1.47893,1.11968,1.47893,3,15,3,4,4.2,3.4,1.91
2024-10-19,27440,seriea,Milan,Udinese,1,0,1.20398,0.522785,1.20398,0.522785,10,13,5,1,1.38,4.75,8.5
2024-10-19,27436,seriea,Como,Parma,1,1,1.28527,0.918205,1.28527,0.918205,11,9,3,3,1.95,3.6,3.8
2024-10-19,27434,seriea,Genoa,Bologna,2,2,0.450285,1.15682,0.450285,1.15682,10,12,4,7,3.75,3.1,2.15
2024-10-19,27438,seriea,Juventus,Lazio,1,0,1.49305,0.0648311,1.49305,0.0648311,16,2,3,1,2.05,3.3,3.8
2024-10-20,27432,seriea,Cagliari,Torino,3,2,1.51181,1.23394,1.51181,1.23394,18,17,5,5,2.8,3.1,2.7
2024-10-20,27435,seriea,Empoli,Napoli,0,1,1.00465,1.31758,1.00465,0.556286,11,9,4,1,6.0,3.5,1.67
2024-10-20,27439,seriea,Lecce,Fiorentina,0,6,0.223823,2.21676,0.223823,2.21676,5,19,2,11,3.2,3.3,2.3
2024-10-20,27441,seriea,Roma,Inter,0,1,0.78742,0.796917,0.78742,0.796917,14,11,3,6,4.2,3.7,1.85
2024-10-20,27433,seriea,Venezia,Atalanta,0,2,0.881872,1.83371,0.881872,1.83371,12,16,4,7,5.5,4.0,1.62
2024-10-21,27437,seriea,Verona,Monza,0,3,0.81446,1.56377,0.81446,1.56377,16,10,4,4,2.3,3.0,3.5
2024-10-25,27450,seriea,Torino,Como,1,0,1.56007,1.59554,1.56007,1.59554,8,20,2,6,2.63,3.0,2.9
2024-10-25,27451,seriea,Udinese,Cagliari,2,0,1.12881,0.160634,1.12881,0.160634,13,3,4,0,2.2,3.3,3.3
2024-10-26,27443,seriea,Atalanta,Verona,6,1,3.84122,0.22446,3.84122,0.22446,19,4,10,2,1.38,4.75,8.0
2024-10-26,27448,seriea,Napoli,Lecce,1,0,2.53236,0.57038,2.53236,0.57038,24,11,8,2,1.25,6.0,12.0
2024-10-27,27445,seriea,Fiorentina,Roma,5,1,4.56893,0.657353,3.80763,0.657353,21,14,10,5,2.55,3.4,2.75
2024-10-27,27444,seriea,Inter,Juventus,4,4,2.82542,2.36179,1.30283,2.36179,18,10,9,5,1.72,3.5,5.0
2024-10-27,27447,seriea,Lazio,Genoa,3,0,2.9799,0.261739,2.9799,0.261739,18,6,4,2,1.53,4.2,6.25
2024-10-27,27446,seriea,Monza,Venezia,2,2,0.903007,0.459902,0.903007,0.459902,13,6,2,2,2.15,3.25,3.6
2024-10-27,27449,seriea,Parma,Empoli,1,1,1.43623,0.14913,0.674927,0.14913,17,6,4,2,2.15,3.3,3.5
2024-10-29,27459,seriea,Milan,Napoli,0,2,0.568256,0.956912,0.568256,0.956912,13,9,5,4,2.45,3.4,2.8
2024-10-29,27453,seriea,Cagliari,Bologna,0,2,1.18569,0.872307,1.18569,0.872307,14,11,2,4,3.0,3.25,2.35
2024-10-29,27458,seriea,Lecce,Verona,1,0,1.35273,0.211464,1.35273,0.211464,14,7,6,1,2.25,3.25,3.25
2024-10-30,27452,seriea,Atalanta,Monza,2,0,1.65221,0.0805941,1.65221,0.0805941,16,4,6,3,1.3,5.0,10.0
2024-10-30,27455,seriea,Empoli,Inter,0,3,0.319674,1.68832,0.319674,1.68832,6,15,1,5,7.5,4.33,1.44
2024-10-30,27457,seriea,Juventus,Parma,2,2,2.77649,1.45546,2.77649,1.45546,24,13,6,5,1.4,4.75,8.0
2024-10-30,27461,seriea,Venezia,Udinese,3,2,2.55368,1.30701,1.03108,1.30701,18,15,7,5,2.7,3.25,2.65
2024-10-31,27454,seriea,Como,Lazio,1,5,1.16312,2.96686,1.16312,2.20556,14,14,2,7,2.88,3.3,2.45
2024-10-31,27456,seriea,Genoa,Fiorentina,0,1,0.848655,0.909048,0.848655,0.909048,14,12,4,4,4.2,3.9,1.8
2024-10-31,27460,seriea,Roma,Torino,1,0,0.436341,0.189286,0.436341,0.189286,10,4,3,2,1.7,3.8,5.0
2024-11-02,27467,seriea,Bologna,Lecce,1,0,2.06051,0.771878,2.06051,0.771878,20,6,4,0,1.62,3.5,6.5
2024-11-02,27465,seriea,Monza,Milan,0,1,1.23293,2.91043,1.23293,2.91043,12,18,2,7,5.0,3.6,1.7
2024-11-02,27466,seriea,Udinese,Juventus,0,2,0.573076,1.55533,0.573076,1.55533,11,11,2,5,4.2,3.2,1.95
2024-11-03,27463,seriea,Inter,Venezia,1,0,3.34539,1.14021,3.34539,1.14021,20,7,8,2,1.17,7.0,15.0
2024-11-03,27464,seriea,Napoli,Atalanta,0,3,0.611112,1.50982,0.611112,1.50982,13,12,3,3,2.05,3.4,3.7
2024-11-03,27470,seriea,Torino,Fiorentina,0,1,0.590362,0.523302,0.590362,0.523302,9,8,1,3,3.2,3.3,2.25
2024-11-03,27468,seriea,Verona,Roma,3,2,1.51701,2.38413,1.51701,2.38413,7,14,3,3,5.0,3.5,1.8
2024-11-04,27462,seriea,Empoli,Como,1,0,0.723897,0.41675,0.723897,0.41675,9,12,4,2,2.7,3.1,2.63
2024-11-04,27471,seriea,Lazio,Cagliari,2,1,3.39964,0.274214,2.63835,0.274214,20,6,5,1,1.5,3.75,7.5
2024-11-04,27469,seriea,Parma,Genoa,0,1,0.883705,1.15243,0.883705,1.15243,13,15,0,7,1.85,3.4,4.33
2024-11-07,27472,seriea,Genoa,Como,1,1,1.03893,1.37361,1.03893,1.37361,8,18,4,8,2.88,3.3,2.45
2024-11-08,27474,seriea,Lecce,Empoli,1,1,1.41905,0.610497,1.41905,0.610497,18,11,3,6,2.4,3.0,3.3
2024-11-09,27478,seriea,Cagliari,Milan,3,3,1.90363,2.77604,1.90363,2.77604,16,13,7,6,5.5,4.1,1.6
2024-11-09,27480,seriea,Juventus,Torino,2,0,1.57325,0.273931,1.57325,0.273931,13,6,4,1,1.57,3.8,6.5
2024-11-09,27477,seriea,Venezia,Parma,1,2,1.29642,0.945022,1.29642,0.945022,12,10,6,3,2.55,3.4,2.7
2024-11-10,27481,seriea,Atalanta,Udinese,2,1,1.60488,0.90914,1.60488,0.90914,11,11,4,6,1.38,5.0,7.5
2024-11-10,27479,seriea,Fiorentina,Verona,3,1,2.77034,0.53544,2.77034,0.53544,11,8,6,2,1.44,4.5,7.0
2024-11-10,27473,seriea,Inter,Napoli,1,1,1.47373,1.00611,0.712432,1.00611,13,5,4,2,1.85,3.7,4.1
2024-11-10,27475,seriea,Monza,Lazio,0,1,0.747377,1.17083,0.747377,1.17083,12,14,2,6,4.1,3.8,1.83
2024-11-10,27476,seriea,Roma,Bologna,2,3,1.06974,2.16772,1.06974,2.16772,15,15,5,4,2.05,3.4,3.6
2024-11-23,27490,seriea,Milan,Juventus,0,0,0.306342,0.811307,0.306342,0.811307,6,7,1,2,2.15,3.3,3.5
2024-11-23,27491,seriea,Parma,Atalanta,1,3,0.622186,3.54363,0.622186,3.54363,9,15,3,6,5.0,4.2,1.62
2024-11-23,27485,seriea,Verona,Inter,0,5,0.554633,2.79774,0.554633,2.79774,9,12,2,7,7.0,5.25,1.38
2024-11-24,27482,seriea,Como,Fiorentina,0,2,1.27005,0.947266,1.27005,0.947266,10,8,4,4,3.3,3.1,2.3
2024-11-24,27484,seriea,Genoa,Cagliari,2,2,2.1978,2.81223,2.1978,1.28964,20,17,6,6,2.63,3.1,2.9
2024-11-24,27486,seriea,Lazio,Bologna,3,0,2.59912,0.0932634,2.59912,0.0932634,13,3,4,1,1.9,3.5,4.2
2024-11-24,27487,seriea,Napoli,Roma,1,0,2.02389,0.592582,2.02389,0.592582,14,6,2,1,1.73,3.6,5.0
2024-11-24,27488,seriea,Torino,Monza,1,1,1.45433,0.916564,1.45433,0.916564,12,9,5,6,2.0,3.0,4.33
2024-11-25,27483,seriea,Empoli,Udinese,1,1,0.166889,1.09285,0.166889,1.09285,4,16,2,3,2.8,2.9,2.8
2024-11-25,27489,seriea,Venezia,Lecce,0,1,2.88235,0.624722,2.88235,0.624722,16,7,6,2,2.3,3.25,3.2
2024-11-29,27495,seriea,Cagliari,Verona,1,0,2.64816,0.606166,2.64816,0.606166,19,11,6,2,1.91,3.4,4.1
2024-11-30,27498,seriea,Milan,Empoli,3,0,2.02293,0.400556,2.02293,0.400556,20,9,4,0,1.36,4.75,9.0
2024-11-30,27494,seriea,Bologna,Venezia,3,0,4.16965,0.357302,2.64705,0.357302,16,5,9,1,1.65,3.9,5.25
2024-11-30,27496,seriea,Como,Monza,1,1,1.38648,1.75565,1.38648,0.994347,17,9,3,3,2.0,3.25,3.9
2024-12-01,27492,seriea,Lecce,Juventus,1,1,1.10419,1.03998,1.10419,1.03998,10,14,6,3,5.25,3.6,1.7
2024-12-01,27499,seriea,Parma,Lazio,3,1,1.27449,2.4176,1.27449,2.4176,12,23,4,8,4.2,3.8,1.8
2024-12-01,27500,seriea,Torino,Napoli,0,1,0.442989,1.64196,0.442989,1.64196,5,16,1,6,5.0,3.4,1.8
2024-12-01,27501,seriea,Udinese,Genoa,0,2,0.156386,1.7171,0.156386,1.7171,4,15,2,5,2.0,3.3,4.0
2024-12-02,27493,seriea,Roma,Atalanta,0,2,0.667881,1.76696,0.667881,1.76696,5,18,1,7,3.2,3.5,2.2
2024-12-06,27502,seriea,Atalanta,Milan,2,1,2.62823,0.899516,2.62823,0.899516,17,6,8,2,2.15,3.4,3.3
2024-12-06,27507,seriea,Inter,Parma,3,1,3.0797,0.274097,3.0797,0.274097,18,5,5,2,1.18,7.0,15.0
2024-12-07,27505,seriea,Genoa,Torino,0,0,0.327249,0.70601,0.327249,0.70601,5,10,1,3,2.5,3.1,3.0
2024-12-07,27503,seriea,Juventus,Bologna,2,2,0.856802,0.784689,0.856802,0.784689,10,10,3,4,1.7,3.6,5.25
2024-12-07,27510,seriea,Roma,Lecce,4,1,2.38077,0.826928,2.38077,0.0656291,23,3,9,1,1.57,4.0,6.25
2024-12-08,27504,seriea,Fiorentina,Cagliari,1,0,0.412045,1.00073,0.412045,1.00073,8,8,3,1,1.5,4.5,6.0
2024-12-08,27509,seriea,Napoli,Lazio,0,1,1.14465,0.243674,1.14465,0.243674,12,7,1,3,1.9,3.4,4.33
2024-12-08,27511,seriea,Venezia,Como,2,2,0.303457,0.779392,0.303457,0.779392,8,10,4,4,2.75,3.3,2.6
2024-12-08,27506,seriea,Verona,Empoli,1,4,0.895085,1.2903,0.895085,1.2903,12,15,3,5,2.63,2.75,3.25
2024-12-09,27508,seriea,Monza,Udinese,1,2,1.92222,1.40496,1.92222,1.40496,27,10,4,3,2.7,3.0,2.88
2024-12-13,27513,seriea,Empoli,Torino,0,1,0.953691,1.36089,0.953691,1.36089,10,14,4,4,2.7,2.88,3.0
2024-12-14,27517,seriea,Cagliari,Atalanta,0,1,1.90937,2.37449,1.90937,2.37449,12,12,8,2,5.5,4.33,1.55
2024-12-14,27514,seriea,Juventus,Venezia,2,2,2.18951,0.586788,1.42821,0.586788,12,8,4,2,1.3,5.25,9.0
2024-12-14,27521,seriea,Udinese,Napoli,1,3,1.48544,1.96425,0.594396,1.96425,7,17,3,4,5.25,3.5,1.73
2024-12-15,27520,seriea,Milan,Genoa,0,0,1.28243,0.204497,1.28243,0.204497,22,5,4,0,1.33,5.25,8.0
2024-12-15,27518,seriea,Bologna,Fiorentina,1,0,2.32266,1.14307,2.32266,1.14307,16,10,6,4,2.7,3.1,2.75
2024-12-15,27512,seriea,Como,Roma,2,0,1.1153,0.650738,1.1153,0.650738,18,6,7,1,3.25,3.4,2.2
2024-12-15,27516,seriea,Lecce,Monza,2,1,1.57794,0.790408,0.816641,0.790408,11,10,4,1,2.45,3.0,3.2
2024-12-15,27519,seriea,Parma,Verona,2,3,2.30533,3.70407,2.30533,3.70407,19,17,8,6,1.85,3.75,4.0
2024-12-16,27515,seriea,Lazio,Inter,0,6,0.634641,2.33306,0.634641,1.57176,9,12,2,7,3.6,3.4,2.1
2024-12-20,27522,seriea,Verona,Milan,0,1,0.649472,1.37505,0.649472,1.37505,10,14,2,6,5.5,4.1,1.57
2024-12-21,27524,seriea,Genoa,Napoli,1,2,0.707336,1.42377,0.707336,1.42377,11,12,3,2,5.25,3.6,1.7
2024-12-21,27530,seriea,Lecce,Lazio,1,2,1.09129,1.95023,1.09129,1.18893,11,13,2,7,5.0,3.6,1.73
2024-12-21,27527,seriea,Torino,Bologna,0,2,0.270606,1.79816,0.270606,0.949169,6,8,0,5,3.3,2.9,2.45
2024-12-22,27525,seriea,Atalanta,Empoli,3,2,2.08379,1.21827,2.08379,0.456967,16,7,7,3,1.29,5.5,11.0
2024-12-22,27528,seriea,Monza,Juventus,1,2,0.983171,2.58556,0.983171,2.58556,17,16,5,9,6.25,3.5,1.65
2024-12-22,27529,seriea,Roma,Parma,5,0,5.55856,0.615694,4.03596,0.615694,19,9,9,3,1.53,4.2,6.25
2024-12-22,27526,seriea,Venezia,Cagliari,2,1,1.55318,2.62545,1.55318,2.62545,12,14,6,7,2.5,3.3,2.88
2024-12-23,27523,seriea,Fiorentina,Udinese,1,2,1.55716,0.858846,0.795858,0.858846,14,11,3,4,1.6,3.8,6.0
2024-12-23,27531,seriea,Inter,Como,2,0,1.89916,0.367536,1.89916,0.367536,17,8,5,4,1.2,6.5,15.0
2024-12-28,27534,seriea,Cagliari,Inter,0,3,0.302293,3.1724,0.302293,2.4111,5,20,1,5,6.5,4.75,1.44
2024-12-28,27536,seriea,Empoli,Genoa,1,2,1.42691,2.01725,0.665612,2.01725,12,14,8,5,2.55,2.9,3.1
2024-12-28,27535,seriea,Lazio,Atalanta,1,1,0.564499,2.98315,0.564499,2.98315,11,14,5,4,3.0,3.3,2.4
2024-12-28,27540,seriea,Parma,Monza,2,1,1.22224,2.2247,0.46094,2.2247,9,10,3,4,2.3,3.5,3.0
2024-12-29,27538,seriea,Milan,Roma,1,1,2.26348,1.61126,2.26348,1.61126,21,12,7,5,2.25,3.4,3.2
2024-12-29,27537,seriea,Juventus,Fiorentina,2,2,1.74742,1.02946,1.74742,1.02946,15,11,5,4,1.95,3.3,4.2
2024-12-29,27539,seriea,Napoli,Venezia,1,0,2.55505,0.462133,1.79375,0.462133,25,4,8,2,1.27,5.5,11.0
2024-12-29,27541,seriea,Udinese,Torino,2,2,1.23954,0.603591,1.23954,0.603591,10,12,3,6,2.25,3.1,3.5
2024-12-30,27532,seriea,Bologna,Verona,2,3,2.86482,0.798964,2.86482,0.798964,23,8,7,4,1.5,4.1,7.0
2024-12-30,27533,seriea,Como,Lecce,2,0,2.25936,0.436266,1.49806,0.436266,15,11,8,1,1.7,3.7,5.0
2025-01-04,27544,seriea,Fiorentina,Napoli,0,3,0.877617,1.59728,0.877617,0.835982,14,10,2,4,2.88,3.25,2.55
2025-01-04,27551,seriea,Venezia,Empoli,1,1,0.455526,1.52251,0.455526,1.52251,8,18,3,6,2.3,3.1,3.4
2025-01-04,27545,seriea,Verona,Udinese,0,0,0.745287,0.655965,0.745287,0.655965,13,15,3,6,3.0,3.0,2.55
2025-01-05,27547,seriea,Lecce,Genoa,0,0,0.545634,1.06752,0.545634,1.06752,10,4,3,1,2.63,3.0,2.9
2025-01-05,27548,seriea,Monza,Cagliari,1,2,1.55837,0.781523,0.797072,0.781523,6,13,2,4,2.4,3.25,3.0
2025-01-05,27549,seriea,Roma,Lazio,2,0,1.23422,1.31957,1.23422,1.31957,7,17,5,6,2.55,3.1,3.0
2025-01-05,27550,seriea,Torino,Parma,0,0,1.0858,0.321586,1.0858,0.321586,12,10,4,3,1.85,3.4,4.5
2025-01-10,27559,seriea,Lazio,Como,1,1,1.03936,1.9019,1.03936,1.9019,12,17,4,4,1.9,3.4,4.2
2025-01-11,27560,seriea,Milan,Cagliari,1,1,2.43026,0.308787,2.43026,0.308787,24,6,11,2,1.33,5.0,9.5
2025-01-11,27556,seriea,Empoli,Lecce,1,3,2.31529,1.57649,2.31529,1.57649,15,14,5,6,2.0,3.1,4.33
2025-01-11,27555,seriea,Torino,Juventus,1,1,0.411274,0.94701,0.411274,0.94701,11,15,2,9,5.0,3.2,1.8
2025-01-11,27561,seriea,Udinese,Atalanta,0,0,2.05217,0.233045,2.05217,0.233045,12,4,3,2,5.25,3.8,1.65
2025-01-12,27554,seriea,Bologna,Roma,2,2,2.28949,1.58872,1.52819,0.827419,14,11,8,4,2.8,3.2,2.6
2025-01-12,27558,seriea,Genoa,Parma,1,0,1.51628,0.513393,1.51628,0.513393,14,9,4,3,1.91,3.5,4.0
2025-01-12,27553,seriea,Napoli,Verona,2,0,1.59033,0.23211,1.59033,0.23211,14,6,3,2,1.25,5.5,13.0
2025-01-12,27557,seriea,Venezia,Inter,0,1,0.668042,2.35271,0.668042,2.35271,7,17,2,6,11.0,5.25,1.29
2025-01-13,27552,seriea,Monza,Fiorentina,2,1,0.988429,1.60714,0.988429,0.845844,10,11,3,2,4.2,3.5,1.85
2025-01-14,27542,seriea,Atalanta,Juventus,1,1,1.5823,2.27956,1.5823,2.27956,17,17,6,9,2.1,3.25,3.7
2025-01-14,27543,seriea,Como,Milan,1,2,1.63578,1.44061,1.63578,1.44061,12,12,4,6,4.2,3.5,1.9
2025-01-15,27546,seriea,Inter,Bologna,2,2,1.79382,0.914393,1.79382,0.914393,12,14,6,6,1.48,4.2,7.0
2025-01-17,27570,seriea,Roma,Genoa,3,1,1.79725,0.494153,1.79725,0.494153,16,7,7,3,1.5,4.1,6.5
2025-01-18,27562,seriea,Atalanta,Napoli,2,3,0.709505,1.2536,0.709505,1.2536,15,6,6,3,2.25,3.25,3.25
2025-01-18,27571,seriea,Bologna,Monza,3,1,2.33675,0.410907,2.33675,0.410907,18,3,7,1,1.6,3.75,6.0
2025-01-18,27568,seriea,Juventus,Milan,2,0,1.56881,1.17816,1.56881,1.17816,15,13,6,3,2.15,3.3,3.4
2025-01-19,27563,seriea,Cagliari,Lecce,4,1,3.36227,0.388374,3.36227,0.388374,19,7,7,2,1.95,3.3,4.1
2025-01-19,27565,seriea,Fiorentina,Torino,1,1,1.81758,0.540016,1.81758,0.540016,20,6,6,3,1.73,3.4,5.5
2025-01-19,27567,seriea,Inter,Empoli,3,1,1.6401,0.412045,1.6401,0.412045,18,5,7,1,1.25,5.75,13.0
2025-01-19,27569,seriea,Parma,Venezia,1,1,1.59615,1.1784,0.834849,0.4171,19,7,8,2,2.15,3.7,3.1
2025-01-19,27566,seriea,Verona,Lazio,0,3,1.48598,1.99415,1.48598,1.99415,16,14,3,5,5.0,3.5,1.75
2025-01-20,27564,seriea,Como,Udinese,4,1,1.81904,0.847427,1.81904,0.847427,11,6,8,2,2.15,3.4,3.4
2025-01-24,27578,seriea,Torino,Cagliari,2,0,2.23206,0.270772,2.23206,0.270772,18,6,6,1,2.2,3.2,3.6
2025-01-25,27581,seriea,Como,Atalanta,1,2,0.704371,1.04831,0.704371,1.04831,15,5,5,3,4.2,3.6,1.85
2025-01-25,27572,seriea,Empoli,Bologna,1,1,0.83399,0.898773,0.83399,0.898773,5,9,1,8,3.8,3.3,2.0
2025-01-25,27577,seriea,Napoli,Juventus,2,1,2.33562,1.02538,1.57432,1.02538,14,5,3,2,2.15,3.1,3.8
2025-01-26,27576,seriea,Milan,Parma,3,2,2.7112,1.85515,1.9499,1.85515,14,12,5,5,1.3,6.0,8.5
2025-01-26,27574,seriea,Lazio,Fiorentina,1,2,2.01121,1.20023,2.01121,1.20023,22,7,3,3,2.0,3.5,3.8
2025-01-26,27575,seriea,Lecce,Inter,0,4,0.719003,2.58246,0.719003,1.82116,17,9,4,5,9.5,5.25,1.33
2025-01-26,27579,seriea,Udinese,Roma,1,2,0.805147,2.6168,0.805147,1.0942,10,16,3,10,3.3,3.3,2.25
2025-01-27,27573,seriea,Genoa,Monza,2,0,3.31745,0.311849,2.55615,0.311849,18,5,6,1,2.25,3.0,3.6
2025-01-27,27580,seriea,Venezia,Verona,1,1,0.709709,2.17206,0.709709,2.17206,9,21,1,5,2.15,3.5,3.25
2025-01-31,27590,seriea,Parma,Lecce,1,3,2.00006,0.756887,1.23876,0.756887,19,6,7,3,2.15,3.4,3.5
2025-02-01,27584,seriea,Atalanta,Torino,1,1,3.35128,0.629596,2.58998,0.629596,22,5,10,3,1.42,4.5,7.5
2025-02-01,27585,seriea,Bologna,Como,2,0,1.681,0.640061,1.681,0.640061,15,8,4,1,1.9,3.5,4.2
2025-02-01,27589,seriea,Monza,Verona,0,1,0.279515,0.854806,0.279515,0.854806,9,12,2,4,2.3,3.0,3.5
2025-02-01,27583,seriea,Udinese,Venezia,3,2,0.940092,1.36255,0.940092,1.36255,13,14,5,3,1.83,3.4,4.5
2025-02-02,27588,seriea,Milan,Inter,1,1,1.04439,1.98309,1.04439,1.98309,10,16,4,6,4.0,3.5,1.91
2025-02-02,27587,seriea,Fiorentina,Genoa,2,1,0.695448,1.96523,0.695448,1.96523,7,17,6,3,1.65,3.9,5.25
2025-02-02,27582,seriea,Juventus,Empoli,4,1,2.00759,0.94947,2.00759,0.94947,23,10,8,3,1.36,4.75,9.0
2025-02-02,27591,seriea,Roma,Napoli,1,1,0.364702,0.384749,0.364702,0.384749,12,5,2,2,3.1,3.2,2.38
2025-02-03,27586,seriea,Cagliari,Lazio,1,2,1.82889,1.9337,1.82889,1.9337,15,11,5,6,3.9,3.4,2.0
2025-02-06,27497,seriea,Fiorentina,Inter,3,0,1.05274,0.589261,1.05274,0.589261,10,11,6,2,3.6,3.5,2.05
2025-02-07,27592,seriea,Como,Juventus,1,2,0.935692,1.32392,0.935692,0.562618,16,8,6,3,3.7,3.4,2.05
2025-02-08,27594,seriea,Empoli,Milan,0,2,0.668788,1.90573,0.668788,1.90573,8,16,0,5,5.5,3.8,1.65
2025-02-08,27599,seriea,Torino,Genoa,1,1,0.647236,0.308682,0.647236,0.308682,10,6,3,2,2.2,3.1,3.6
2025-02-08,27595,seriea,Verona,Atalanta,0,5,1.78844,2.14751,1.78844,2.14751,18,17,7,7,6.25,4.1,1.53
2025-02-09,27593,seriea,Cagliari,Parma,2,1,1.49632,1.15072,1.49632,1.15072,14,9,3,1,1.85,3.6,4.1
2025-02-09,27601,seriea,Lazio,Monza,5,1,4.42993,0.87219,4.42993,0.110892,26,3,9,1,1.38,4.75,8.5
2025-02-09,27597,seriea,Lecce,Bologna,0,0,0.844895,0.8506,0.844895,0.8506,6,8,1,2,4.2,3.5,1.91
2025-02-09,27598,seriea,Napoli,Udinese,1,1,2.07882,1.28733,2.07882,1.28733,18,8,4,4,1.44,4.5,7.5
2025-02-09,27600,seriea,Venezia,Roma,0,1,0.905188,2.14236,0.905188,1.38106,12,13,3,5,5.0,3.7,1.73
2025-02-10,27596,seriea,Inter,Fiorentina,2,1,1.87526,1.03291,1.87526,0.271614,22,7,8,2,1.48,4.75,6.5
2025-02-14,27602,seriea,Bologna,Torino,3,2,3.46262,1.64846,2.70132,1.64846,23,8,7,5,1.8,3.4,5.0
2025-02-15,27608,seriea,Milan,Verona,1,0,1.8755,0.372202,1.8755,0.372202,18,7,3,2,1.33,4.75,9.5
2025-02-15,27603,seriea,Atalanta,Cagliari,0,0,0.473748,0.123294,0.473748,0.123294,9,3,2,0,1.44,4.75,6.5
2025-02-15,27609,seriea,Lazio,Napoli,2,2,0.883377,0.558588,0.883377,0.558588,12,6,5,3,2.63,3.2,2.8
2025-02-16,27611,seriea,Fiorentina,Como,0,2,0.431215,0.875449,0.431215,0.875449,5,8,3,4,2.0,3.5,3.75
2025-02-16,27610,seriea,Juventus,Inter,1,0,1.3662,2.08504,1.3662,2.08504,16,17,8,2,3.4,3.2,2.25
2025-02-16,27607,seriea,Monza,Lecce,0,0,0.278072,1.10949,0.278072,1.10949,8,19,3,5,2.7,3.2,2.7
2025-02-16,27606,seriea,Parma,Roma,0,1,0.293477,1.41178,0.293477,1.41178,5,16,1,4,3.6,3.5,2.05
2025-02-16,27604,seriea,Udinese,Empoli,3,0,2.90516,2.47474,2.90516,2.47474,17,16,9,4,1.8,3.5,4.75
2025-02-17,27605,seriea,Genoa,Venezia,2,0,1.60036,0.341183,1.60036,0.341183,14,7,5,3,1.85,3.4,4.5
2025-02-21,27615,seriea,Lecce,Udinese,0,1,0.484479,1.52436,0.484479,0.763058,10,12,1,5,3.0,3.0,2.6
2025-02-22,27614,seriea,Inter,Genoa,1,0,1.3989,1.51356,1.3989,1.51356,18,11,5,2,1.27,5.25,13.0
2025-02-22,27616,seriea,Parma,Bologna,2,0,1.4111,0.698426,0.649799,0.698426,4,16,3,1,4.0,3.5,1.91
2025-02-22,27618,seriea,Torino,Milan,2,1,0.556583,2.18445,0.556583,1.42315,9,26,3,8,3.9,3.3,2.0
2025-02-22,27619,seriea,Venezia,Lazio,0,0,0.995737,0.790887,0.995737,0.790887,9,9,2,3,5.0,4.0,1.67
2025-02-23,27621,seriea,Cagliari,Juventus,0,1,0.225637,2.20526,0.225637,2.20526,8,14,2,7,4.1,3.5,1.9
2025-02-23,27620,seriea,Como,Napoli,2,1,0.466603,1.10277,0.466603,1.10277,8,13,3,4,3.6,3.0,2.25
2025-02-23,27612,seriea,Empoli,Atalanta,0,5,0.775943,2.50618,0.775943,2.50618,10,14,1,8,6.25,3.9,1.57
2025-02-23,27613,seriea,Verona,Fiorentina,1,0,0.450798,1.15567,0.450798,1.15567,7,8,3,3,4.33,3.4,1.9
2025-02-24,27617,seriea,Roma,Monza,4,0,2.16209,0.332233,2.16209,0.332233,23,5,6,2,1.33,4.75,11.0
2025-02-27,27442,seriea,Bologna,Milan,2,1,2.31992,1.55538,2.31992,1.55538,14,8,4,4,2.88,3.3,2.5
2025-02-28,27624,seriea,Fiorentina,Lecce,1,0,1.43821,1.11638,0.676912,1.11638,10,8,3,3,1.75,3.4,5.0
2025-03-01,27622,seriea,Atalanta,Venezia,0,0,3.34552,0.359199,3.34552,0.359199,18,8,3,2,1.2,6.5,15.0
2025-03-01,27629,seriea,Napoli,Inter,1,1,1.72874,0.452597,1.72874,0.452597,19,6,4,1,3.1,3.2,2.38
2025-03-01,27631,seriea,Udinese,Parma,1,0,2.0589,0.617812,1.2976,0.617812,20,9,6,4,1.8,3.6,4.5
2025-03-02,27627,seriea,Milan,Lazio,1,2,1.28991,2.53115,1.28991,1.76985,15,21,4,8,2.05,3.6,3.5
2025-03-02,27623,seriea,Bologna,Cagliari,2,1,2.25801,0.68032,1.49671,0.68032,15,2,5,1,1.57,3.75,6.5
2025-03-02,27625,seriea,Genoa,Empoli,1,1,0.229571,1.00977,0.229571,1.00977,5,7,1,1,1.91,3.1,4.75
2025-03-02,27628,seriea,Monza,Torino,0,2,0.582104,1.43219,0.582104,1.43219,9,13,2,7,4.1,3.3,1.95
2025-03-02,27630,seriea,Roma,Como,2,1,1.59518,1.29634,1.59518,1.29634,11,10,4,3,1.87,3.6,4.0
2025-03-03,27626,seriea,Juventus,Verona,2,0,1.97535,0.269838,1.97535,0.269838,27,5,9,2,1.3,5.0,12.0
2025-03-07,27632,seriea,Cagliari,Genoa,1,1,0.809829,1.43054,0.809829,1.43054,9,8,1,2,2.45,3.0,3.2
2025-03-08,27633,seriea,Como,Venezia,1,1,1.2727,1.80606,1.2727,1.04477,12,11,7,6,1.57,3.8,6.5
2025-03-08,27636,seriea,Inter,Monza,3,2,3.0629,0.779109,3.0629,0.779109,30,8,9,4,1.14,7.0,21.0
2025-03-08,27639,seriea,Lecce,Milan,2,3,1.1897,3.27991,1.1897,2.51861,11,16,3,9,4.75,3.6,1.75
2025-03-08,27641,seriea,Parma,Torino,2,2,1.48743,0.72136,1.48743,0.72136,12,6,4,2,3.0,3.25,2.4
2025-03-09,27634,seriea,Empoli,Roma,0,1,0.0771894,2.99912,0.0771894,2.99912,3,16,1,7,3.9,3.3,2.0
2025-03-09,27637,seriea,Juventus,Atalanta,0,4,0.940693,3.93513,0.940693,3.17383,9,19,2,9,2.5,3.25,2.88
2025-03-09,27640,seriea,Napoli,Fiorentina,2,1,2.93764,1.05617,2.93764,1.05617,19,7,11,2,1.55,4.0,6.25
2025-03-09,27635,seriea,Verona,Bologna,1,2,1.28101,1.38177,1.28101,1.38177,7,12,2,6,5.25,3.3,1.75
2025-03-10,27638,seriea,Lazio,Udinese,1,1,1.01458,1.23859,1.01458,1.23859,10,15,5,4,1.73,3.5,5.25
2025-03-14,27646,seriea,Genoa,Lecce,2,1,1.06034,1.20452,1.06034,0.443225,8,15,2,2,2.15,2.9,4.2
2025-03-15,27647,seriea,Milan,Como,2,1,1.72803,1.35523,1.72803,1.35523,9,15,3,6,1.8,3.6,4.5
2025-03-15,27642,seriea,Monza,Parma,1,1,0.9314,0.616308,0.9314,0.616308,12,14,4,6,3.1,3.0,2.45
2025-03-15,27649,seriea,Torino,Empoli,1,0,0.701071,1.73375,0.701071,1.73375,13,16,3,2,1.8,3.3,5.0
2025-03-15,27650,seriea,Udinese,Verona,0,1,0.318009,0.542985,0.318009,0.542985,11,7,3,2,1.73,3.5,5.0
2025-03-16,27643,seriea,Atalanta,Inter,0,2,0.682065,2.28143,0.682065,2.28143,16,14,3,5,2.55,3.3,2.8
2025-03-16,27645,seriea,Bologna,Lazio,5,0,2.85431,0.600718,2.85431,0.600718,13,7,7,2,2.4,3.1,3.25
2025-03-16,27644,seriea,Fiorentina,Juventus,3,0,0.508254,0.597644,0.508254,0.597644,9,11,3,2,3.4,3.2,2.25
2025-03-16,27648,seriea,Roma,Cagliari,1,0,1.61105,1.10046,1.61105,1.10046,13,11,1,5,1.55,4.2,5.75
2025-03-16,27651,seriea,Venezia,Napoli,0,0,1.04696,1.2665,1.04696,1.2665,13,15,4,7,5.75,4.33,1.53
2025-03-29,27652,seriea,Como,Empoli,1,1,1.93663,1.78514,1.93663,1.78514,16,14,5,4,1.75,3.3,5.25
2025-03-29,27659,seriea,Juventus,Genoa,1,0,1.50908,0.263169,1.50908,0.263169,9,9,6,3,1.53,3.9,7.0
2025-03-29,27657,seriea,Lecce,Roma,0,1,0.694403,1.90759,0.694403,1.90759,17,16,4,6,4.75,3.5,1.75
2025-03-29,27653,seriea,Venezia,Bologna,0,1,0.683347,1.29589,0.683347,1.29589,6,13,3,4,5.0,3.5,1.75
2025-03-30,27658,seriea,Cagliari,Monza,3,0,1.95839,0.962993,1.95839,0.962993,11,12,4,3,1.67,3.5,5.5
2025-03-30,27661,seriea,Fiorentina,Atalanta,1,0,1.92673,0.918743,1.92673,0.918743,12,9,4,0,3.75,3.3,2.05
2025-03-30,27655,seriea,Inter,Udinese,2,1,2.33787,1.3398,2.33787,1.3398,13,11,3,4,1.4,4.33,8.5
2025-03-30,27654,seriea,Napoli,Milan,2,1,0.945094,2.25619,0.945094,1.49489,8,17,3,4,1.91,3.7,3.75
2025-03-31,27656,seriea,Lazio,Torino,1,1,1.93778,0.632735,1.93778,0.632735,16,7,6,2,1.75,3.3,5.25
2025-03-31,27660,seriea,Verona,Parma,0,0,0.765236,0.501452,0.765236,0.501452,6,10,0,1,2.4,3.1,3.1
2025-04-04,27667,seriea,Genoa,Udinese,1,0,1.65486,1.11114,1.65486,1.11114,13,5,7,2,2.45,2.88,3.4
2025-04-05,27669,seriea,Milan,Fiorentina,2,2,2.17819,3.04937,2.17819,3.04937,19,15,6,8,1.9,3.5,4.2
2025-04-05,27663,seriea,Monza,Como,1,3,1.05971,2.27029,1.05971,2.27029,8,17,4,7,5.0,3.8,1.7
2025-04-05,27670,seriea,Parma,Inter,2,2,1.66115,2.17944,1.66115,2.17944,8,20,4,4,6.5,4.5,1.48
2025-04-06,27664,seriea,Atalanta,Lazio,0,1,1.04022,0.523108,1.04022,0.523108,10,8,2,3,1.7,3.8,5.0
2025-04-06,27666,seriea,Empoli,Cagliari,0,0,0.386589,0.162801,0.386589,0.162801,7,7,1,1,2.45,3.0,3.1
2025-04-06,27668,seriea,Lecce,Venezia,1,1,1.50136,0.898847,1.50136,0.898847,23,13,4,3,2.3,3.1,3.4
2025-04-06,27662,seriea,Roma,Juventus,1,1,1.37162,0.994645,1.37162,0.994645,11,11,4,7,2.5,3.1,3.0
2025-04-06,27671,seriea,Torino,Verona,1,1,0.963942,1.32441,0.202643,1.32441,7,13,3,1,1.8,3.2,5.25
2025-04-07,27665,seriea,Bologna,Napoli,1,1,1.11047,0.99857,1.11047,0.99857,12,6,4,2,2.9,3.0,2.7
2025-04-11,27681,seriea,Udinese,Milan,0,4,0.644579,2.49634,0.644579,2.49634,14,14,5,7,4.0,3.6,1.91
2025-04-12,27678,seriea,Inter,Cagliari,3,1,1.71603,0.914283,1.71603,0.914283,13,8,4,4,1.33,5.25,8.0
2025-04-12,27673,seriea,Juventus,Lecce,2,1,1.95569,0.940466,1.95569,0.940466,22,14,7,3,1.33,4.5,10.0
2025-04-12,27672,seriea,Venezia,Monza,1,0,1.62268,0.590462,1.62268,0.590462,9,10,4,3,1.73,3.6,5.0
2025-04-13,27674,seriea,Atalanta,Bologna,2,0,1.15847,0.546815,1.15847,0.546815,4,12,2,5,1.95,3.5,3.9
2025-04-13,27675,seriea,Como,Torino,1,0,1.23079,1.04165,1.23079,1.04165,15,10,7,4,1.91,3.5,4.1
2025-04-13,27676,seriea,Fiorentina,Parma,0,0,0.670714,0.616318,0.670714,0.616318,9,7,3,3,1.73,3.8,4.75
2025-04-13,27679,seriea,Lazio,Roma,1,1,1.92122,0.221733,1.92122,0.221733,12,9,7,4,2.8,3.2,2.63
2025-04-13,27677,seriea,Verona,Genoa,0,0,1.00077,0.111761,1.00077,0.111761,14,4,2,1,3.0,2.9,2.63
2025-04-14,27680,seriea,Napoli,Empoli,3,0,2.13717,1.37277,2.13717,1.37277,17,12,6,1,1.33,5.0,9.5
2025-04-19,27688,seriea,Lecce,Como,0,3,0.666737,1.65387,0.666737,1.65387,14,11,7,6,3.75,3.3,2.05
2025-04-19,27687,seriea,Monza,Napoli,0,1,0.874819,1.66648,0.874819,1.66648,8,16,0,5,13.0,5.0,1.29
2025-04-19,27690,seriea,Roma,Verona,1,0,1.24696,0.330349,1.24696,0.330349,6,8,3,2,1.4,4.5,8.5
2025-04-20,27686,seriea,Milan,Atalanta,0,1,0.495327,2.07826,0.495327,2.07826,12,11,1,2,2.5,3.4,2.75
2025-04-20,27682,seriea,Bologna,Inter,1,0,1.0878,0.661137,1.0878,0.661137,12,8,3,1,3.4,3.1,2.3
2025-04-20,27684,seriea,Empoli,Venezia,2,2,1.14666,1.48453,1.14666,1.48453,11,13,4,7,2.25,3.0,3.6
2025-04-23,27683,seriea,Cagliari,Fiorentina,1,2,0.367407,0.701424,0.367407,0.701424,8,8,2,4,3.1,3.1,2.45
2025-04-23,27685,seriea,Genoa,Lazio,0,2,0.470637,1.33679,0.470637,1.33679,8,15,4,6,3.3,3.2,2.3
2025-04-23,27689,seriea,Parma,Juventus,1,0,0.784847,0.777191,0.784847,0.777191,6,16,3,2,4.75,3.6,1.75
2025-04-23,27691,seriea,Torino,Udinese,2,0,0.949162,0.949917,0.949162,0.949917,10,10,4,6,2.4,2.9,3.3
2025-04-27,27693,seriea,Atalanta,Lecce,1,1,2.45836,1.45404,1.69706,0.692743,21,10,6,3,1.25,6.0,11.0
2025-04-27,27694,seriea,Como,Genoa,1,0,1.80373,1.04585,1.80373,1.04585,14,4,3,1,1.85,3.4,4.75
2025-04-27,27695,seriea,Fiorentina,Empoli,2,1,0.655092,0.465943,0.655092,0.465943,6,8,3,5,1.83,3.5,4.5
2025-04-27,27697,seriea,Inter,Roma,0,1,1.10299,2.79826,1.10299,2.79826,17,19,2,7,1.73,3.8,4.75
2025-04-27,27692,seriea,Juventus,Monza,2,0,1.14678,0.621764,1.14678,0.621764,10,12,5,3,1.2,7.5,12.0
2025-04-27,27699,seriea,Napoli,Torino,2,0,1.23274,0.660531,1.23274,0.660531,8,9,2,0,1.42,4.33,8.0
2025-04-27,27701,seriea,Venezia,Milan,0,2,1.00629,1.466,1.00629,1.466,15,12,2,2,4.75,4.0,1.7
2025-04-28,27698,seriea,Lazio,Parma,2,2,1.7767,1.09001,1.7767,1.09001,14,7,7,5,1.53,4.5,5.75
2025-04-28,27700,seriea,Udinese,Bologna,0,0,0.387188,1.17741,0.387188,1.17741,13,12,4,1,4.5,3.5,1.85
2025-04-28,27696,seriea,Verona,Cagliari,0,2,0.27029,1.87448,0.27029,1.87448,6,6,2,4,2.5,2.75,3.5
2025-05-02,27711,seriea,Torino,Venezia,1,1,1.74541,1.07484,0.984109,1.07484,19,7,4,3,2.5,2.88,3.25
2025-05-03,27703,seriea,Cagliari,Udinese,1,2,0.954534,1.92066,0.954534,1.92066,8,11,2,3,2.2,3.2,3.5
2025-05-03,27706,seriea,Inter,Verona,1,0,1.59903,0.303341,0.837733,0.303341,9,6,2,1,1.3,5.25,10.0
2025-05-03,27707,seriea,Lecce,Napoli,0,1,0.276702,0.845058,0.276702,0.845058,9,8,1,2,7.0,3.8,1.55
2025-05-03,27709,seriea,Parma,Como,0,1,2.74525,1.32818,2.74525,1.32818,13,13,3,4,3.1,3.3,2.3
2025-05-04,27702,seriea,Bologna,Juventus,1,1,0.390379,0.681163,0.390379,0.681163,9,6,2,3,2.4,3.1,3.2
2025-05-04,27704,seriea,Empoli,Lazio,0,1,0.18325,1.12653,0.18325,1.12653,7,9,2,3,4.33,3.6,1.83
2025-05-04,27708,seriea,Monza,Atalanta,0,4,0.827428,3.05078,0.827428,3.05078,13,15,7,5,13.0,6.0,1.22
2025-05-04,27710,seriea,Roma,Fiorentina,1,0,1.00134,0.760529,1.00134,0.760529,12,13,4,5,1.65,3.7,5.5
2025-05-05,27705,seriea,Genoa,Milan,1,2,0.54789,1.29954,0.54789,1.29954,11,10,4,5,4.75,3.7,1.8
2025-05-09,27717,seriea,Milan,Bologna,3,1,1.55343,0.361364,1.55343,0.361364,10,10,5,4,2.3,3.4,3.0
2025-05-10,27713,seriea,Como,Cagliari,3,1,1.93276,1.22492,1.93276,1.22492,19,9,5,3,1.73,3.8,4.75
2025-05-10,27714,seriea,Empoli,Parma,2,1,0.989813,0.404689,0.989813,0.404689,15,3,4,1,2.15,3.3,3.5
2025-05-10,27716,seriea,Lazio,Juventus,1,1,1.51119,1.17931,1.51119,1.17931,19,8,6,3,2.45,3.2,3.0
2025-05-11,27718,seriea,Napoli,Genoa,2,2,2.35243,0.648382,2.35243,0.648382,22,8,11,2,1.3,5.25,11.0
2025-05-11,27719,seriea,Torino,Inter,0,2,1.76692,2.48918,1.76692,1.72788,17,12,3,7,5.75,4.0,1.57
2025-05-11,27720,seriea,Udinese,Monza,1,2,1.45767,1.63169,1.45767,1.63169,21,5,5,2,1.48,4.2,7.0
2025-05-11,27715,seriea,Verona,Lecce,1,1,0.480962,1.24972,0.480962,1.24972,6,11,2,3,2.15,3.0,3.75
2025-05-12,27712,seriea,Atalanta,Roma,2,1,2.87542,0.572288,2.87542,0.572288,16,10,3,4,1.95,3.6,3.75
2025-05-12,27721,seriea,Venezia,Fiorentina,2,1,2.25991,0.994541,2.25991,0.994541,4,5,4,1,3.1,3.2,2.38
2025-05-18,27722,seriea,Cagliari,Venezia,3,0,2.75115,0.773148,2.75115,0.773148,20,10,5,1,2.6,3.0,3.0
2025-05-18,27723,seriea,Fiorentina,Bologna,3,2,1.43018,1.51953,1.43018,1.51953,6,15,5,3,2.75,3.0,2.75
2025-05-17,27724,seriea,Genoa,Atalanta,2,3,1.44057,1.56926,1.44057,1.56926,12,13,5,6,4.5,3.9,1.75
2025-05-18,27726,seriea,Inter,Lazio,2,2,1.59363,2.33497,1.59363,1.57367,10,12,3,4,1.62,4.2,5.0
2025-05-18,27731,seriea,Juventus,Udinese,2,0,2.61362,0.358909,2.61362,0.358909,24,7,7,2,1.38,4.75,8.5
2025-05-18,27727,seriea,Lecce,Torino,1,0,0.970765,0.476384,0.970765,0.476384,10,10,4,4,1.83,3.4,4.6
2025-05-18,27728,seriea,Monza,Empoli,1,3,1.03178,1.95845,1.03178,1.95845,12,9,4,4,5.0,3.6,1.73
2025-05-18,27729,seriea,Parma,Napoli,0,0,0.296751,0.379711,0.296751,0.379711,6,7,4,2,6.25,4.2,1.5
2025-05-18,27730,seriea,Roma,Milan,3,1,1.57656,1.78592,1.57656,1.78592,15,12,6,3,2.3,3.6,2.9
2025-05-18,27725,seriea,Verona,Como,1,1,1.55405,1.12443,1.55405,1.12443,16,12,3,5,3.5,3.3,2.15
2025-05-23,27735,seriea,Como,Inter,0,2,1.49032,2.27789,1.49032,2.27789,18,11,4,7,5.0,4.2,1.65
2025-05-23,27739,seriea,Napoli,Cagliari,2,0,2.16118,0.0969696,2.16118,0.0969696,18,4,6,1,1.2,7.0,12.0
2025-05-24,27738,seriea,Milan,Monza,2,0,1.99268,0.516606,1.99268,0.516606,21,6,6,2,1.22,7.0,11.0
2025-05-24,27734,seriea,Bologna,Genoa,1,3,0.628377,1.17343,0.628377,1.17343,16,5,5,3,1.5,4.5,6.0
2025-05-25,27733,seriea,Atalanta,Parma,2,3,1.90265,2.82535,1.90265,2.82535,11,18,5,10,1.75,3.5,5.0
2025-05-25,27736,seriea,Empoli,Verona,1,2,1.23351,0.833807,1.23351,0.833807,14,5,5,2,1.95,3.2,4.33
2025-05-25,27737,seriea,Lazio,Lecce,0,1,1.73521,0.708667,1.73521,0.708667,26,9,7,3,1.53,3.7,7.5
2025-05-25,27740,seriea,Torino,Roma,0,2,0.381059,2.64436,0.381059,1.88306,11,15,4,5,5.5,4.2,1.57
2025-05-25,27741,seriea,Udinese,Fiorentina,2,3,1.61711,3.06465,1.61711,3.06465,12,25,3,11,3.7,3.6,2.0
2025-05-25,27732,seriea,Venezia,Juventus,2,3,1.01327,1.66948,1.01327,0.908185,12,15,5,5,5.75,4.33,1.53
2025-08-23,29846,seriea,Milan,Cremonese,1,2,2.08498,0.363576,2.08498,0.363576,24,4,6,3,1.33,5.25,9.0
2025-08-23,29844,seriea,Genoa,Lecce,0,0,0.56563,0.55094,0.56563,0.55094,5,7,2,0,1.9,3.3,4.5
2025-08-23,29847,seriea,Roma,Bologna,1,0,1.47691,0.443508,1.47691,0.443508,14,10,4,2,2.1,3.3,3.5
2025-08-23,29845,seriea,Sassuolo,Napoli,0,2,0.298477,1.55456,0.298477,1.55456,7,13,2,4,6.0,4.0,1.57
2025-08-24,29850,seriea,Atalanta,Pisa,1,1,2.04697,1.02901,2.04697,1.02901,21,11,6,2,1.4,5.0,7.0
2025-08-24,29848,seriea,Cagliari,Fiorentina,1,1,1.51736,1.14261,1.51736,1.14261,14,4,6,1,3.25,3.3,2.25
2025-08-24,29849,seriea,Como,Lazio,2,0,1.28478,0.202984,1.28478,0.202984,19,5,6,1,2.4,3.25,3.0
2025-08-24,29851,seriea,Juventus,Parma,2,0,2.74202,0.815567,2.74202,0.815567,25,8,8,2,1.42,4.75,7.5
2025-08-25,29853,seriea,Inter,Torino,5,0,2.60956,0.816232,2.60956,0.816232,20,12,9,4,1.42,4.75,7.5
2025-08-25,29852,seriea,Udinese,Verona,1,1,1.05058,0.799203,1.05058,0.799203,14,9,4,3,1.95,3.3,4.1
2025-08-29,29854,seriea,Cremonese,Sassuolo,3,2,3.52949,1.32978,2.76819,0.568485,11,9,6,6,2.6,3.2,2.75
2025-08-29,29855,seriea,Lecce,Milan,0,2,0.481693,2.13175,0.481693,2.13175,7,14,2,6,6.0,3.9,1.57
2025-08-30,29856,seriea,Bologna,Como,1,0,1.51584,0.521585,1.51584,0.521585,15,13,2,2,2.45,3.1,3.1
2025-08-30,29859,seriea,Napoli,Cagliari,1,0,1.73158,0.64413,1.73158,0.64413,20,10,6,1,1.3,5.0,11.0
2025-08-30,29857,seriea,Parma,Atalanta,1,1,0.751112,1.19727,0.751112,1.19727,7,11,3,3,4.1,3.5,1.91
2025-08-30,29858,seriea,Pisa,Roma,0,1,0.6627,0.953921,0.6627,0.953921,7,10,3,5,5.25,3.6,1.7
2025-08-31,29860,seriea,Genoa,Juventus,0,1,0.593013,1.55128,0.593013,1.55128,10,13,1,3,4.5,3.4,1.85
2025-08-31,29862,seriea,Inter,Udinese,1,2,1.67172,1.20014,1.67172,0.438844,16,10,4,5,1.3,5.25,9.5
2025-08-31,29863,seriea,Lazio,Verona,4,0,3.96645,0.600485,3.96645,0.600485,22,12,6,4,1.48,4.33,7.0
2025-08-31,29861,seriea,Torino,Fiorentina,0,0,1.05012,1.18859,1.05012,1.18859,7,16,4,4,3.2,3.1,2.4
2025-09-13,29864,seriea,Cagliari,Parma,2,0,1.76945,1.95549,1.76945,1.95549,12,17,5,5,2.15,3.2,3.6
2025-09-13,29866,seriea,Fiorentina,Napoli,1,3,1.39098,3.55376,1.39098,2.79247,19,14,3,9,3.5,3.1,2.25
2025-09-13,29865,seriea,Juventus,Inter,4,3,0.768943,1.01628,0.768943,1.01628,12,18,4,4,2.75,3.0,2.75
2025-09-14,29871,seriea,Milan,Bologna,1,0,1.15538,0.198634,1.15538,0.198634,14,5,3,0,1.91,3.4,4.2
2025-09-14,29869,seriea,Atalanta,Lecce,4,1,2.62415,0.532382,2.62415,0.532382,19,12,8,3,1.4,4.5,8.5
2025-09-14,29868,seriea,Pisa,Udinese,0,1,1.27587,1.72902,1.27587,1.72902,12,13,2,3,2.75,3.1,2.75
2025-09-14,29867,seriea,Roma,Torino,0,1,1.02943,0.805089,1.02943,0.805089,22,8,5,4,1.5,4.1,7.0
2025-09-14,29870,seriea,Sassuolo,Lazio,1,0,1.2156,0.858246,1.2156,0.858246,10,13,3,3,3.5,3.6,2.05
2025-09-15,29873,seriea,Como,Genoa,1,1,1.56467,2.54288,1.56467,2.54288,13,13,4,6,1.62,3.75,6.0
2025-09-15,29872,seriea,Verona,Cremonese,0,0,1.8883,0.166346,1.8883,0.166346,20,6,9,2,2.38,3.1,3.2
2025-09-19,29882,seriea,Lecce,Cagliari,1,2,1.13998,2.21034,1.13998,1.44904,11,15,5,6,2.88,2.9,2.75
2025-09-20,29877,seriea,Bologna,Genoa,2,1,1.78786,0.794732,1.02656,0.794732,14,7,6,4,1.83,3.2,5.25
2025-09-20,29875,seriea,Udinese,Milan,0,3,0.298364,1.70251,0.298364,1.70251,10,13,4,6,4.33,3.6,1.83
2025-09-20,29876,seriea,Verona,Juventus,1,1,1.65885,0.470357,0.897552,0.470357,14,10,4,4,6.5,3.9,1.55
2025-09-21,29878,seriea,Cremonese,Parma,0,0,0.172561,0.902031,0.172561,0.902031,3,15,1,3,2.55,3.2,2.88
2025-09-21,29879,seriea,Fiorentina,Como,1,2,0.424904,2.09507,0.424904,2.09507,8,19,1,7,2.6,3.2,2.8
2025-09-21,29880,seriea,Inter,Sassuolo,2,1,3.12186,0.850824,3.12186,0.850824,20,9,6,5,1.29,5.5,12.0
2025-09-21,29881,seriea,Lazio,Roma,0,1,0.666967,1.22639,0.666967,1.22639,10,13,2,6,2.8,3.1,2.63
2025-09-21,29874,seriea,Torino,Atalanta,0,3,1.31336,1.67723,0.43578,1.67723,11,9,5,5,3.25,3.4,2.2
2025-09-22,29883,seriea,Napoli,Pisa,3,2,1.18611,2.51985,1.18611,1.75855,18,15,6,6,1.27,5.75,12.0
2025-09-27,29884,seriea,Cagliari,Inter,0,2,0.475174,3.95419,0.475174,3.95419,6,20,0,5,6.0,4.2,1.53
2025-09-27,29885,seriea,Como,Cremonese,1,1,1.44033,0.564557,1.44033,0.564557,14,9,6,2,1.45,4.33,8.0
2025-09-27,29887,seriea,Juventus,Atalanta,1,1,1.84242,0.885278,1.84242,0.885278,24,12,10,2,1.85,3.6,4.2
2025-09-28,29889,seriea,Milan,Napoli,2,1,0.952575,2.23894,0.952575,1.47764,6,19,3,7,2.35,3.1,3.2
2025-09-28,29888,seriea,Lecce,Bologna,2,2,2.09017,1.5908,2.09017,0.829502,12,14,4,5,4.2,3.0,2.05
2025-09-28,29891,seriea,Pisa,Fiorentina,0,0,0.580471,0.840093,0.580471,0.840093,11,14,1,2,3.3,3.25,2.25
2025-09-28,29892,seriea,Roma,Verona,2,0,1.30542,1.35351,1.30542,1.35351,10,12,5,3,1.42,4.2,8.5
2025-09-28,29893,seriea,Sassuolo,Udinese,3,1,2.31332,1.19344,2.31332,1.19344,11,12,5,5,2.3,3.2,3.3
2025-09-29,29886,seriea,Genoa,Lazio,0,3,1.47659,3.54059,1.47659,3.54059,17,10,5,6,3.0,3.0,2.6
2025-09-29,29890,seriea,Parma,Torino,2,1,1.44462,0.660829,0.683322,0.660829,13,15,2,4,2.3,3.1,3.4
2025-10-03,29903,seriea,Verona,Sassuolo,0,1,0.810981,1.5058,0.810981,0.561962,17,11,9,3,2.5,3.1,3.0
2025-10-04,29894,seriea,Atalanta,Como,1,1,1.74169,0.959121,1.74169,0.959121,16,12,4,4,2.2,3.4,3.25
2025-10-04,29897,seriea,Inter,Cremonese,4,1,4.65231,0.619599,4.65231,0.619599,27,3,9,2,1.2,6.5,15.0
2025-10-04,29899,seriea,Lazio,Torino,3,3,1.45075,2.18108,0.68945,2.18108,9,16,4,8,1.7,3.6,5.25
2025-10-04,29901,seriea,Parma,Lecce,0,1,1.08896,0.622459,1.08896,0.622459,10,7,2,3,1.85,3.7,4.1
2025-10-05,29895,seriea,Bologna,Pisa,4,0,3.69928,0.0265067,3.69928,0.0265067,24,2,7,0,1.6,3.9,5.75
2025-10-05,29896,seriea,Fiorentina,Roma,1,2,1.11719,1.22512,1.11719,1.22512,11,8,3,3,3.0,3.3,2.4
2025-10-05,29898,seriea,Juventus,Milan,0,0,0.570595,1.55707,0.570595,0.795771,12,13,3,4,2.7,3.2,2.7
2025-10-05,29900,seriea,Napoli,Genoa,2,1,1.87915,0.691583,1.87915,0.691583,12,6,5,1,1.48,4.0,8.0
2025-10-05,29902,seriea,Udinese,Cagliari,1,1,2.98545,0.789093,2.98545,0.789093,23,8,4,2,2.15,3.2,3.6
2025-10-18,29910,seriea,Lecce,Sassuolo,0,0,0.66998,0.77146,0.66998,0.77146,11,9,2,2,2.9,3.2,2.5
2025-10-18,29912,seriea,Pisa,Verona,0,0,0.572009,1.65491,0.572009,1.65491,7,15,0,3,2.55,3.1,2.9
2025-10-18,29913,seriea,Roma,Inter,0,1,2.1538,0.96386,2.1538,0.96386,15,12,5,3,3.3,3.25,2.25
2025-10-18,29906,seriea,Torino,Napoli,1,0,1.90815,1.71911,1.90815,1.71911,12,22,2,5,5.25,3.3,1.8
2025-10-19,29911,seriea,Milan,Fiorentina,2,1,2.01853,0.965997,1.25723,0.965997,14,5,4,1,1.5,4.33,6.5
2025-10-19,29904,seriea,Atalanta,Lazio,0,0,2.38095,0.220276,2.38095,0.220276,16,4,6,1,1.73,4.0,4.5
2025-10-19,29905,seriea,Cagliari,Bologna,0,2,0.367775,1.15836,0.367775,1.15836,4,10,3,7,3.6,3.3,2.1
2025-10-19,29907,seriea,Como,Juventus,2,0,1.68785,0.964723,1.68785,0.964723,12,15,6,3,2.88,3.25,2.5
2025-10-19,29909,seriea,Genoa,Parma,0,0,2.21692,0.0544873,1.45562,0.0544873,23,1,7,0,2.1,3.0,4.0
2025-10-20,29908,seriea,Cremonese,Udinese,1,1,1.22876,0.962572,1.22876,0.962572,11,8,4,1,3.0,3.25,2.4
2025-10-24,29919,seriea,Milan,Pisa,2,2,1.97232,1.22514,1.97232,0.463839,20,8,7,2,1.3,5.5,10.0
2025-10-25,29916,seriea,Cremonese,Atalanta,1,1,0.967146,1.62371,0.967146,1.62371,9,20,5,6,5.0,4.2,1.62
2025-10-25,29920,seriea,Napoli,Inter,3,1,1.18626,2.07077,0.424965,1.30947,7,15,3,3,3.0,3.1,2.4
2025-10-25,29921,seriea,Parma,Como,0,0,1.56651,0.387121,1.56651,0.387121,10,6,3,2,3.9,3.5,1.95
2025-10-25,29914,seriea,Udinese,Lecce,3,2,1.51576,0.373551,1.51576,0.373551,8,13,4,3,1.8,3.4,4.75
2025-10-26,29917,seriea,Fiorentina,Bologna,2,2,3.87905,0.883347,2.35645,0.883347,19,6,7,3,2.7,3.1,2.75
2025-10-26,29918,seriea,Lazio,Juventus,1,0,0.905304,1.24614,0.905304,1.24614,13,14,3,5,3.2,3.25,2.3
2025-10-26,29922,seriea,Sassuolo,Roma,0,1,0.949353,2.25968,0.949353,2.25968,11,15,1,8,4.5,3.5,1.85
2025-10-26,29923,seriea,Torino,Genoa,2,1,1.8196,1.9796,1.8196,1.9796,13,11,6,3,2.25,2.9,3.5
2025-10-26,29915,seriea,Verona,Cagliari,2,2,2.03687,0.837271,2.03687,0.837271,10,7,6,3,2.25,3.0,3.6
2025-10-28,29924,seriea,Atalanta,Milan,1,1,1.28167,0.626418,1.28167,0.626418,17,6,3,1,2.63,3.2,2.75
2025-10-28,29931,seriea,Lecce,Napoli,0,1,1.02929,0.92446,0.267994,0.92446,7,14,2,3,6.5,3.75,1.55
2025-10-29,29925,seriea,Bologna,Torino,0,0,0.3322,0.797473,0.3322,0.797473,11,8,2,2,1.75,3.5,5.0
2025-10-29,29927,seriea,Como,Verona,3,1,1.74279,1.69938,1.74279,1.69938,15,13,5,9,1.6,3.6,6.5
2025-10-29,29928,seriea,Genoa,Cremonese,0,2,1.3491,1.57974,1.3491,1.57974,16,12,1,4,1.85,3.25,4.75
2025-10-29,29929,seriea,Inter,Fiorentina,3,0,2.87253,0.741937,2.11123,0.741937,22,10,8,2,1.38,4.5,8.5
2025-10-29,29930,seriea,Juventus,Udinese,3,1,3.30641,0.604108,1.78381,0.604108,25,8,11,2,1.44,4.1,8.5
2025-10-29,29933,seriea,Roma,Parma,2,1,1.15685,1.17796,1.15685,1.17796,18,8,6,5,1.53,3.75,7.5
2025-10-30,29926,seriea,Cagliari,Sassuolo,1,2,0.845219,0.937652,0.845219,0.937652,8,12,1,4,2.6,3.1,2.88
2025-10-30,29932,seriea,Pisa,Lazio,0,0,0.780185,0.657914,0.780185,0.657914,10,11,2,6,3.7,3.25,2.1
2025-11-01,29934,seriea,Cremonese,Juventus,1,2,0.611392,2.61402,0.611392,2.61402,9,15,2,5,6.5,4.33,1.5
2025-11-01,29938,seriea,Napoli,Como,0,0,0.762314,1.17012,0.762314,0.401891,13,13,8,2,1.95,3.1,4.5
2025-11-01,29942,seriea,Udinese,Atalanta,1,0,0.707338,0.270197,0.707338,0.270197,11,5,5,0,4.5,3.6,1.8
2025-11-02,29937,seriea,Milan,Roma,1,0,3.76419,1.95443,3.76419,1.19313,17,20,8,6,2.2,3.0,3.7
2025-11-02,29935,seriea,Fiorentina,Lecce,0,1,1.38997,1.3239,1.38997,1.3239,15,11,4,4,1.62,3.8,5.75
2025-11-02,29939,seriea,Parma,Bologna,1,3,0.622333,3.51745,0.622333,3.51745,7,22,1,6,4.2,3.0,2.05
2025-11-02,29941,seriea,Torino,Pisa,2,2,1.22388,1.90329,1.22388,1.14199,15,11,3,3,1.95,3.25,4.33
2025-11-02,29943,seriea,Verona,Inter,1,2,0.372642,1.15025,0.372642,1.15025,8,21,2,6,7.5,4.5,1.42
2025-11-03,29936,seriea,Lazio,Cagliari,2,0,0.587684,1.48457,0.587684,1.48457,8,17,3,5,1.53,3.8,7.0
2025-11-03,29940,seriea,Sassuolo,Genoa,1,2,1.31641,1.83271,1.31641,1.83271,13,16,4,5,2.45,3.0,3.2
2025-11-07,29952,seriea,Pisa,Cremonese,1,0,1.45109,1.23118,1.45109,1.23118,14,13,6,3,2.25,3.1,3.4
2025-11-08,29946,seriea,Como,Cagliari,0,0,1.0497,0.615264,1.0497,0.615264,10,4,6,2,1.48,4.5,6.5
2025-11-08,29949,seriea,Juventus,Torino,0,0,1.93707,0.405589,1.93707,0.405589,22,8,6,3,1.5,4.1,7.0
2025-11-08,29950,seriea,Lecce,Verona,0,0,0.555045,0.691863,0.555045,0.691863,11,5,6,2,2.75,2.9,2.9
2025-11-08,29951,seriea,Parma,Milan,2,2,1.45012,2.05467,1.45012,1.29337,14,10,4,5,5.75,4.0,1.57
2025-11-09,29944,seriea,Atalanta,Sassuolo,0,3,0.707859,2.20132,0.707859,1.44002,14,8,2,4,1.44,4.5,7.0
2025-11-09,29945,seriea,Bologna,Napoli,2,0,1.64488,0.19503,1.64488,0.19503,11,4,4,1,3.0,3.1,2.55
2025-11-09,29947,seriea,Genoa,Fiorentina,2,2,1.58884,1.33019,0.827544,0.568896,10,7,6,3,2.75,3.0,2.75
2025-11-09,29948,seriea,Inter,Lazio,2,0,1.73965,0.54928,1.73965,0.54928,8,8,3,5,1.36,5.0,8.0
2025-11-09,29953,seriea,Roma,Udinese,2,0,1.75728,0.928685,0.995979,0.928685,13,10,4,4,1.55,4.0,6.25
2025-11-22,29955,seriea,Cagliari,Genoa,3,3,1.37329,1.61562,1.37329,1.61562,11,13,5,8,2.88,3.0,2.75
2025-11-22,29957,seriea,Fiorentina,Juventus,1,1,0.659308,1.65053,0.659308,1.65053,11,17,2,4,3.9,3.4,2.0
2025-11-22,29960,seriea,Napoli,Atalanta,3,1,2.02765,0.825775,2.02765,0.825775,11,14,6,3,2.25,3.25,3.4
2025-11-22,29963,seriea,Udinese,Bologna,0,3,1.88758,2.88287,1.88758,2.12157,12,10,3,5,3.75,3.2,2.1
2025-11-23,29956,seriea,Cremonese,Roma,1,3,1.25617,1.73178,1.25617,1.73178,9,12,4,6,6.0,3.75,1.62
2025-11-23,29958,seriea,Inter,Milan,0,1,1.74448,0.856085,0.983176,0.856085,20,7,6,3,1.9,3.5,4.0
2025-11-23,29959,seriea,Lazio,Lecce,2,0,1.49492,0.544669,1.49492,0.544669,19,5,9,1,1.62,3.7,6.25
2025-11-23,29954,seriea,Verona,Parma,1,2,0.943021,1.51628,0.943021,1.51628,10,15,2,7,2.25,3.0,3.6
2025-11-24,29961,seriea,Sassuolo,Pisa,2,2,2.21345,1.38602,2.21345,0.624718,22,10,7,3,2.1,3.2,3.75
2025-11-24,29962,seriea,Torino,Como,1,5,1.42986,3.37909,0.668562,3.37909,10,15,2,7,3.5,3.25,2.2
2025-11-28,29966,seriea,Como,Sassuolo,2,0,1.73426,1.12902,1.73426,1.12902,18,12,13,5,1.73,3.6,5.0
2025-11-29,29970,seriea,Milan,Lazio,1,0,1.48113,0.899621,1.48113,0.899621,16,9,4,4,1.62,3.8,5.75
2025-11-29,29967,seriea,Genoa,Verona,2,1,1.64897,2.60658,1.64897,2.60658,15,13,4,5,2.05,3.0,4.2
2025-11-29,29968,seriea,Juventus,Cagliari,2,1,1.5343,0.891103,1.5343,0.891103,14,5,6,3,1.3,5.5,10.0
2025-11-29,29971,seriea,Parma,Udinese,0,2,1.03649,1.87351,1.03649,1.11222,17,14,2,5,2.7,3.0,2.8
2025-11-30,29964,seriea,Atalanta,Fiorentina,2,0,2.29028,2.01961,2.29028,2.01961,21,15,9,3,1.73,3.75,4.75
2025-11-30,29969,seriea,Lecce,Torino,2,1,0.948606,2.0632,0.948606,1.3019,10,15,2,6,3.0,2.88,2.7
2025-11-30,29972,seriea,Pisa,Inter,0,2,1.80715,2.04777,1.80715,2.04777,10,14,2,3,8.0,5.75,1.3
2025-11-30,29973,seriea,Roma,Napoli,0,1,0.611755,1.33114,0.611755,1.33114,8,8,2,5,2.6,2.88,3.1
2025-12-01,29965,seriea,Bologna,Cremonese,1,3,2.11713,2.33533,1.35583,2.33533,29,10,7,5,1.48,4.0,8.0
2025-12-06,29976,seriea,Inter,Como,4,0,2.26559,0.943403,2.26559,0.943403,11,15,7,3,1.53,4.33,6.0
2025-12-06,29980,seriea,Sassuolo,Fiorentina,3,1,1.64053,1.20662,1.64053,0.445324,13,9,5,1,2.88,3.25,2.5
2025-12-06,29983,seriea,Verona,Atalanta,3,1,1.60244,1.76527,1.60244,1.00397,12,12,7,5,5.0,4.0,1.67
2025-12-07,29974,seriea,Cagliari,Roma,1,0,1.40358,0.451691,1.40358,0.451691,15,6,8,2,5.25,3.6,1.67
2025-12-07,29975,seriea,Cremonese,Lecce,2,0,2.08254,1.37526,1.32124,1.37526,11,9,4,1,2.4,3.1,3.2
2025-12-07,29977,seriea,Lazio,Bologna,1,1,1.24155,1.23115,1.24155,1.23115,16,13,9,6,2.6,3.1,2.9
2025-12-07,29978,seriea,Napoli,Juventus,2,1,2.1655,0.24335,2.1655,0.24335,9,5,4,2,2.35,3.0,3.2
2025-12-08,29979,seriea,Pisa,Parma,0,1,1.56873,1.49837,1.56873,0.737068,14,9,2,2,2.4,3.0,3.3
2025-12-08,29981,seriea,Torino,Milan,2,3,1.01008,2.10495,0.248785,2.10495,8,17,4,6,4.5,3.6,1.8
2025-12-08,29982,seriea,Udinese,Genoa,1,2,1.49196,1.5362,1.49196,0.774898,23,12,6,6,2.4,3.0,3.3
2025-12-12,29988,seriea,Lecce,Pisa,1,0,2.79987,0.303651,2.79987,0.303651,21,5,3,0,2.5,2.88,3.3
2025-12-13,29984,seriea,Atalanta,Cagliari,2,1,3.08558,0.568619,3.08558,0.568619,17,8,8,1,1.33,5.0,9.5
2025-12-13,29990,seriea,Parma,Lazio,0,1,1.08166,1.76573,1.08166,1.76573,19,15,5,5,3.6,3.3,2.1
2025-12-13,29992,seriea,Torino,Cremonese,1,0,1.94598,0.700243,1.94598,0.700243,18,10,6,3,1.95,3.25,4.2
2025-12-14,29989,seriea,Milan,Sassuolo,2,2,1.83346,1.02843,1.83346,1.02843,13,8,5,3,1.42,4.33,8.0
2025-12-14,29985,seriea,Bologna,Juventus,0,1,0.97387,2.07145,0.97387,2.07145,11,13,4,3,2.88,3.25,2.5
2025-12-14,29986,seriea,Fiorentina,Verona,1,2,2.41776,1.53867,2.41776,1.53867,20,13,4,3,1.8,3.4,4.75
2025-12-14,29987,seriea,Genoa,Inter,1,2,0.895295,2.04412,0.895295,2.04412,5,18,3,8,6.5,4.2,1.5
2025-12-14,29993,seriea,Udinese,Napoli,1,0,1.84146,0.931427,1.84146,0.931427,18,7,5,0,4.5,3.4,1.85
2025-12-15,29991,seriea,Roma,Como,1,0,1.65562,0.635872,1.65562,0.635872,14,13,4,1,2.1,3.3,3.6
2025-12-20,29999,seriea,Juventus,Roma,2,1,3.09592,1.28421,3.09592,1.28421,13,14,9,5,1.95,3.2,4.33
2025-12-20,30000,seriea,Lazio,Cremonese,0,0,0.432769,0.70974,0.432769,0.70974,8,9,2,2,1.62,3.8,5.75
2025-12-21,29994,seriea,Cagliari,Pisa,2,2,1.20171,2.02532,1.20171,1.26402,14,15,5,3,2.15,3.1,3.75
2025-12-21,29996,seriea,Fiorentina,Udinese,5,1,3.24808,0.794951,3.24808,0.794951,20,11,7,4,2.2,3.3,3.4
2025-12-21,29997,seriea,Genoa,Atalanta,0,1,0.967673,1.76564,0.967673,1.76564,6,16,3,4,4.0,3.4,1.95
2025-12-21,30002,seriea,Sassuolo,Torino,0,1,0.580849,2.00002,0.580849,1.23872,7,10,1,5,2.3,3.2,3.3
2025-12-27,30006,seriea,Lecce,Como,0,3,1.15442,2.33352,1.15442,2.33352,11,12,5,6,4.75,3.3,1.8
2025-12-27,30008,seriea,Parma,Fiorentina,1,0,1.26451,1.2463,1.26451,1.2463,13,23,2,4,3.5,3.0,2.25
2025-12-27,30009,seriea,Pisa,Juventus,0,2,0.64162,1.2875,0.64162,1.2875,8,15,0,7,7.5,4.5,1.4
2025-12-27,30011,seriea,Torino,Cagliari,1,2,2.4609,0.994774,2.4609,0.994774,19,9,10,4,1.91,3.2,4.2
2025-12-27,30012,seriea,Udinese,Lazio,1,1,0.806561,0.848022,0.806561,0.848022,15,14,4,2,3.1,3.0,2.45
2025-12-28,30007,seriea,Milan,Verona,3,0,2.87827,0.32776,2.11697,0.32776,11,9,5,1,1.38,4.75,8.5
2025-12-28,30013,seriea,Atalanta,Inter,0,1,1.16924,1.63271,1.16924,1.63271,7,15,0,4,3.5,3.5,2.0
2025-12-28,30004,seriea,Bologna,Sassuolo,1,1,0.937045,1.52306,0.937045,1.52306,16,8,6,5,1.75,3.6,4.75
2025-12-28,30005,seriea,Cremonese,Napoli,0,2,0.276244,2.85402,0.276244,2.85402,6,22,2,8,6.25,3.9,1.55
2025-12-29,30010,seriea,Roma,Genoa,3,1,1.86118,0.510864,1.86118,0.510864,16,10,8,2,1.6,3.6,6.25
2026-01-02,30015,seriea,Cagliari,Milan,0,1,0.308283,0.893304,0.308283,0.893304,6,11,1,4,6.0,3.9,1.6
2026-01-03,30014,seriea,Atalanta,Roma,1,0,2.73637,1.01018,2.73637,1.01018,13,10,2,4,2.3,3.2,3.3
2026-01-03,30016,seriea,Como,Udinese,1,0,2.38351,0.245,1.62221,0.245,15,4,3,1,1.73,3.8,4.75
2026-01-03,30018,seriea,Genoa,Pisa,1,1,0.569456,1.5538,0.569456,1.5538,12,10,4,2,1.9,3.1,4.75
2026-01-03,30020,seriea,Juventus,Lecce,1,1,3.59395,0.176301,2.83265,0.176301,25,6,5,1,1.27,5.5,13.0
2026-01-03,30022,seriea,Sassuolo,Parma,1,1,1.0095,1.18268,1.0095,1.18268,11,16,3,5,1.91,3.3,4.33
2026-01-04,30017,seriea,Fiorentina,Cremonese,1,0,2.20676,0.752862,2.20676,0.752862,22,6,8,2,1.8,3.4,5.0
2026-01-04,30019,seriea,Inter,Bologna,3,1,4.26719,0.782906,4.26719,0.782906,19,6,10,2,1.42,4.75,7.5
2026-01-04,30021,seriea,Lazio,Napoli,0,2,0.405788,2.42503,0.405788,2.42503,5,14,0,3,3.4,3.1,2.3
2026-01-04,30023,seriea,Verona,Torino,0,3,0.260564,1.70287,0.260564,1.70287,7,21,3,5,2.7,3.0,2.9
2026-01-06,30027,seriea,Lecce,Roma,0,2,0.604725,1.89163,0.604725,1.89163,6,10,1,3,5.25,3.5,1.73
2026-01-06,30031,seriea,Pisa,Como,0,3,1.71183,2.10363,0.950532,1.34233,10,15,4,7,5.5,3.4,1.7
2026-01-06,30032,seriea,Sassuolo,Juventus,0,3,0.203716,2.90778,0.203716,2.90778,7,17,2,10,5.0,3.9,1.67
2026-01-07,30024,seriea,Bologna,Atalanta,0,2,1.11527,1.33342,1.11527,1.33342,11,11,2,5,2.75,3.3,2.6
2026-01-07,30026,seriea,Lazio,Fiorentina,2,2,2.70815,1.51944,1.94685,0.758145,17,8,9,5,2.4,3.1,3.2
2026-01-07,30029,seriea,Napoli,Verona,2,2,1.57287,1.29178,1.57287,0.530478,15,11,4,4,1.36,5.5,7.5
2026-01-07,30030,seriea,Parma,Inter,0,2,0.261054,3.08782,0.261054,3.08782,4,26,0,8,7.5,5.0,1.4
2026-01-07,30033,seriea,Torino,Udinese,1,2,1.67388,2.31786,1.67388,2.31786,10,9,4,4,2.3,3.0,3.4
2026-01-08,30028,seriea,Milan,Genoa,1,1,2.11615,1.43745,2.11615,0.676154,32,7,8,2,1.44,4.5,7.5
2026-01-08,30025,seriea,Cremonese,Cagliari,2,2,2.2527,1.78257,2.2527,1.78257,12,21,5,5,2.4,3.1,3.2
2026-01-10,30034,seriea,Atalanta,Torino,2,0,2.55106,0.945872,2.55106,0.945872,18,10,5,3,1.6,3.9,6.0
2026-01-10,30035,seriea,Como,Bologna,1,1,1.13923,1.54894,1.13923,1.54894,12,7,3,2,1.95,3.3,4.2
2026-01-10,30041,seriea,Roma,Sassuolo,2,0,2.95843,0.858537,2.95843,0.858537,26,5,6,3,1.53,4.0,6.5
2026-01-10,30042,seriea,Udinese,Pisa,2,2,2.18018,1.42671,1.41888,1.42671,11,14,2,7,1.83,3.4,4.6
2026-01-11,30036,seriea,Fiorentina,Milan,1,1,2.38025,2.05263,2.38025,2.05263,20,13,7,3,3.8,3.4,2.0
2026-01-11,30038,seriea,Inter,Napoli,2,2,1.6567,1.38417,0.895403,1.38417,13,7,4,3,1.7,3.5,5.25
2026-01-11,30040,seriea,Lecce,Parma,1,2,0.842154,1.46392,0.842154,1.46392,10,12,1,2,2.75,3.0,2.88
2026-01-11,30043,seriea,Verona,Lazio,0,1,0.584887,0.64447,0.584887,0.64447,10,11,2,2,3.4,3.0,2.35
2026-01-12,30037,seriea,Genoa,Cagliari,3,0,1.26155,1.00677,1.26155,1.00677,11,15,7,3,2.1,3.0,4.2
2026-01-12,30039,seriea,Juventus,Cremonese,5,0,3.2309,1.1134,2.33463,1.1134,18,9,11,2,1.25,6.0,13.0
2026-01-14,29998,seriea,Inter,Lecce,1,0,1.91676,0.468829,1.91676,0.468829,21,10,7,1,1.13,9.0,19.0
2026-01-14,30001,seriea,Napoli,Parma,0,0,1.29671,0.230185,1.29671,0.230185,16,4,4,1,1.3,5.25,10.5
2026-01-15,29995,seriea,Como,Milan,1,3,1.86946,1.3926,1.86946,0.631299,18,7,8,4,2.9,3.25,2.5
2026-01-15,30003,seriea,Verona,Bologna,2,3,1.6881,0.690747,1.6881,0.690747,15,14,5,5,3.6,3.3,2.1
2026-01-16,30049,seriea,Pisa,Atalanta,1,1,1.63695,1.77359,1.63695,1.77359,14,9,6,4,6.5,3.9,1.55
2026-01-17,30053,seriea,Cagliari,Juventus,1,0,0.176118,0.872689,0.176118,0.872689,3,21,1,5,6.25,4.2,1.5
2026-01-17,30047,seriea,Napoli,Sassuolo,1,0,0.605235,1.12352,0.605235,1.12352,11,21,4,4,1.48,4.33,7.5
2026-01-17,30051,seriea,Udinese,Inter,0,1,0.130821,2.17475,0.130821,2.17475,5,14,1,5,7.0,4.75,1.42
2026-01-18,30046,seriea,Milan,Lecce,1,0,3.17447,0.1816,3.17447,0.1816,20,4,6,0,1.29,5.0,13.0
2026-01-18,30052,seriea,Bologna,Fiorentina,1,2,1.34398,1.64563,1.34398,1.64563,18,11,3,4,2.2,3.3,3.4
2026-01-18,30048,seriea,Parma,Genoa,0,0,0.463872,1.07465,0.463872,1.07465,14,11,2,3,2.9,2.55,3.0
2026-01-18,30050,seriea,Torino,Roma,0,2,0.394429,2.02736,0.394429,2.02736,8,14,4,5,3.75,3.1,2.15
2026-01-19,30044,seriea,Cremonese,Verona,0,0,0.452062,0.487484,0.452062,0.487484,7,11,1,4,2.63,2.9,3.1
2026-01-19,30045,seriea,Lazio,Como,0,3,0.465283,2.28394,0.465283,1.52264,8,11,4,6,2.7,2.9,3.0
2026-01-23,30058,seriea,Inter,Pisa,6,2,6.24369,0.453549,5.4824,0.453549,34,8,14,3,1.18,7.5,15.0
2026-01-24,30055,seriea,Como,Torino,6,0,3.15343,0.327418,2.39213,0.327418,17,7,7,1,1.62,3.75,6.0
2026-01-24,30056,seriea,Fiorentina,Cagliari,1,2,2.09156,1.27897,2.09156,1.27897,15,10,3,6,1.62,3.8,5.75
2026-01-24,30060,seriea,Lecce,Lazio,0,0,0.601024,0.716991,0.601024,0.716991,15,6,2,1,4.0,3.0,2.1
2026-01-25,30054,seriea,Atalanta,Parma,4,0,5.01888,1.86533,4.25758,1.86533,21,15,9,2,1.42,4.5,7.5
2026-01-25,30057,seriea,Genoa,Bologna,3,2,0.706857,0.591952,0.706857,0.591952,8,13,6,3,3.0,3.0,2.6
2026-01-25,30059,seriea,Juventus,Napoli,3,0,1.54679,0.421726,1.54679,0.421726,12,9,6,1,2.05,3.2,4.0
2026-01-25,30061,seriea,Roma,Milan,1,1,2.13573,0.583212,1.37443,0.583212,15,5,7,2,2.63,3.1,2.88
2026-01-25,30062,seriea,Sassuolo,Cremonese,1,0,1.3787,0.845543,1.3787,0.845543,13,10,7,4,1.91,3.4,4.2
2026-01-26,30063,seriea,Verona,Udinese,1,3,0.573784,1.93652,0.573784,1.93652,7,20,4,7,2.8,3.0,2.8
2026-01-30,30068,seriea,Lazio,Genoa,3,2,2.06649,1.83307,0.543893,1.07177,14,16,4,4,2.2,2.88,4.0
2026-01-31,30065,seriea,Cagliari,Verona,4,0,1.98129,0.374813,1.98129,0.374813,13,9,7,3,2.2,3.0,3.8
2026-01-31,30069,seriea,Napoli,Fiorentina,2,1,2.39619,1.81202,2.39619,1.81202,19,15,6,5,1.8,3.4,5.0
2026-01-31,30071,seriea,Pisa,Sassuolo,1,3,0.773575,2.20331,0.773575,2.20331,15,21,6,5,2.9,3.1,2.55
2026-02-01,30066,seriea,Como,Atalanta,0,0,5.96884,0.785014,5.20754,0.785014,28,6,9,2,2.35,3.25,3.2
2026-02-01,30067,seriea,Cremonese,Inter,0,2,0.510166,2.18311,0.510166,2.18311,9,15,3,4,11.0,5.0,1.3
2026-02-01,30070,seriea,Parma,Juventus,1,4,0.598397,3.51941,0.598397,3.51941,10,15,4,8,7.5,4.33,1.45
2026-02-01,30072,seriea,Torino,Lecce,1,0,2.48263,0.468464,2.48263,0.468464,17,14,5,2,1.95,3.1,4.5
2026-02-02,30073,seriea,Udinese,Roma,1,0,0.642594,0.668752,0.642594,0.668752,8,10,4,3,4.33,3.4,1.91
2026-02-03,30064,seriea,Bologna,Milan,0,3,0.440526,3.35769,0.440526,2.59639,13,10,2,3,2.9,3.25,2.5
2026-02-06,30074,seriea,Verona,Pisa,0,0,0.0783843,1.26143,0.0783843,1.26143,4,11,0,3,2.55,3.0,3.0
2026-02-07,30079,seriea,Fiorentina,Torino,2,2,1.27203,1.0134,1.27203,1.0134,21,12,5,4,1.75,3.75,4.75
2026-02-07,30080,seriea,Genoa,Napoli,2,3,1.32462,1.89784,0.56332,1.13654,12,14,3,5,4.5,3.2,1.95
2026-02-08,30078,seriea,Bologna,Parma,0,1,1.64658,0.193041,1.64658,0.193041,16,5,2,1,1.6,3.9,5.75
2026-02-08,30081,seriea,Juventus,Lazio,2,2,2.85607,0.808824,2.85607,0.808824,34,9,8,2,1.48,4.2,7.5
2026-02-08,30082,seriea,Lecce,Udinese,2,1,2.18624,0.895031,2.18624,0.133732,16,6,5,1,3.1,2.88,2.63
2026-02-08,30075,seriea,Sassuolo,Inter,0,5,0.721597,2.75112,0.721597,2.75112,7,23,2,11,7.5,4.5,1.44
2026-02-09,30077,seriea,Atalanta,Cremonese,2,1,3.12119,0.914806,3.12119,0.914806,29,12,9,2,1.36,5.0,8.5
2026-02-09,30076,seriea,Roma,Cagliari,2,0,2.20426,0.613133,2.20426,0.613133,15,3,5,1,1.48,4.1,7.5
2026-02-13,30091,seriea,Pisa,Milan,1,2,0.937275,2.15769,0.937275,1.39639,7,7,2,2,6.5,4.2,1.5
2026-02-14,30085,seriea,Como,Fiorentina,1,2,0.902645,1.302,0.902645,0.540697,16,7,3,3,1.73,3.75,4.75
2026-02-14,30087,seriea,Inter,Juventus,3,2,2.4811,1.29499,2.4811,1.29499,21,11,9,8,1.95,3.4,4.1
2026-02-14,30088,seriea,Lazio,Atalanta,0,2,1.54366,1.82116,1.54366,1.05986,18,12,5,5,3.5,3.25,2.15
2026-02-15,30086,seriea,Cremonese,Genoa,0,0,1.34717,1.33514,1.34717,1.33514,19,19,8,6,3.2,3.0,2.45
2026-02-15,30089,seriea,Napoli,Roma,2,2,0.5247,1.95442,0.5247,1.19312,11,9,7,2,2.3,3.0,3.5
2026-02-15,30090,seriea,Parma,Verona,2,1,2.16714,0.856137,2.16714,0.0948381,27,4,8,1,2.3,3.0,3.5
2026-02-15,30092,seriea,Torino,Bologna,1,2,0.394436,1.71228,0.394436,1.71228,7,14,2,6,3.3,3.25,2.25
2026-02-15,30093,seriea,Udinese,Sassuolo,1,2,0.491201,1.24711,0.491201,1.24711,8,10,2,3,2.4,3.0,3.3
2026-02-16,30084,seriea,Cagliari,Lecce,0,2,1.46951,1.76359,1.46951,1.76359,11,13,0,4,2.2,3.0,3.75
2026-02-18,30083,seriea,Milan,Como,1,1,1.17019,1.64526,1.17019,1.64526,6,10,4,4,2.25,3.3,3.25
2026-02-20,30103,seriea,Sassuolo,Verona,3,0,1.58706,0.615652,0.680118,0.615652,8,12,4,1,1.75,3.3,5.25
2026-02-21,30096,seriea,Cagliari,Lazio,0,0,0.771111,0.520733,0.771111,0.520733,11,10,2,3,3.4,3.0,2.35
2026-02-21,30099,seriea,Juventus,Como,0,2,1.01425,1.43181,1.01425,1.43181,11,11,3,2,2.0,3.4,3.7
2026-02-21,30100,seriea,Lecce,Inter,0,2,0.127863,2.6436,0.127863,2.6436,3,24,0,9,7.0,4.33,1.48
2026-02-22,30101,seriea,Milan,Parma,0,1,1.63438,0.760094,1.63438,0.760094,25,9,6,3,1.33,5.0,9.5
2026-02-22,30094,seriea,Atalanta,Napoli,2,1,0.962214,1.05903,0.962214,1.05903,10,10,7,4,2.45,3.2,3.0
2026-02-22,30098,seriea,Genoa,Torino,3,0,2.06306,0.530703,2.06306,0.530703,16,7,5,3,2.25,3.0,3.6
2026-02-22,30102,seriea,Roma,Cremonese,3,0,2.58194,0.280739,2.58194,0.280739,23,2,5,0,1.36,4.5,10.0
2026-02-23,30095,seriea,Bologna,Udinese,1,0,1.44714,0.530625,0.685846,0.530625,11,10,6,3,1.85,3.5,4.5
2026-02-23,30097,seriea,Fiorentina,Pisa,1,0,1.77825,0.43212,1.77825,0.43212,15,7,5,1,1.67,4.0,5.0
2026-02-27,30106,seriea,Parma,Cagliari,1,1,1.31257,0.615799,1.31257,0.615799,18,11,4,5,2.25,3.0,3.7
2026-02-28,30113,seriea,Como,Lecce,3,1,2.98622,0.424994,2.98622,0.424994,12,5,7,2,1.38,4.5,9.5
2026-02-28,30105,seriea,Inter,Genoa,2,0,2.19229,0.170827,1.43099,0.170827,14,6,6,2,1.33,5.5,9.0
2026-02-28,30109,seriea,Verona,Napoli,1,2,0.277835,1.21355,0.277835,1.21355,8,9,2,5,7.5,4.0,1.5
2026-03-01,30104,seriea,Cremonese,Milan,0,2,1.08387,3.87512,1.08387,3.87512,15,20,3,6,6.5,4.33,1.5
2026-03-01,30108,seriea,Roma,Juventus,3,3,2.33059,1.8583,2.33059,1.8583,11,13,5,5,2.63,3.1,2.88
2026-03-01,30112,seriea,Sassuolo,Atalanta,2,1,1.81132,3.74717,1.81132,3.74717,7,26,5,7,3.8,3.6,1.95
2026-03-01,30111,seriea,Torino,Lazio,2,0,1.06085,1.05867,1.06085,1.05867,13,12,5,3,2.88,3.0,2.7
2026-03-02,30107,seriea,Pisa,Bologna,0,1,0.743118,0.871649,0.743118,0.871649,6,8,3,1,4.2,3.2,2.0
2026-03-02,30110,seriea,Udinese,Fiorentina,3,0,2.0239,0.585387,1.26261,0.585387,10,10,7,0,3.25,3.2,2.35
2026-03-06,30114,seriea,Napoli,Torino,2,1,2.32007,0.693368,2.32007,0.693368,14,7,9,4,1.57,3.8,6.25
2026-03-07,30115,seriea,Atalanta,Udinese,2,2,1.99854,0.860054,1.99854,0.860054,22,8,4,2,1.67,3.7,5.5
2026-03-07,30116,seriea,Cagliari,Como,1,2,0.518042,0.763847,0.518042,0.763847,8,8,3,2,5.75,4.0,1.57
2026-03-07,30119,seriea,Juventus,Pisa,4,0,3.16811,0.319971,3.16811,0.319971,25,7,7,2,1.25,6.25,11.0
2026-03-08,30122,seriea,Milan,Inter,1,0,0.852014,1.44398,0.852014,1.44398,9,11,2,2,3.6,3.0,2.25
2026-03-08,30123,seriea,Bologna,Verona,1,2,0.903746,2.02855,0.903746,2.02855,19,15,2,5,1.55,3.9,6.5
2026-03-08,30117,seriea,Fiorentina,Parma,0,0,0.758473,0.253114,0.758473,0.253114,12,8,1,0,1.7,3.6,5.25
2026-03-08,30118,seriea,Genoa,Roma,2,1,2.55911,0.282645,1.79782,0.282645,11,8,5,1,4.2,3.4,1.91
2026-03-08,30121,seriea,Lecce,Cremonese,2,1,1.76705,0.791422,1.00575,0.791422,9,10,3,5,2.1,3.0,4.0
2026-03-09,30120,seriea,Lazio,Sassuolo,2,1,2.4868,0.453204,2.4868,0.453204,13,7,5,4,2.15,3.25,3.5
2026-03-13,30131,seriea,Torino,Parma,4,1,2.44316,0.579861,2.44316,0.579861,15,6,6,3,2.2,3.0,3.8
2026-03-14,30126,seriea,Inter,Atalanta,1,1,2.0286,0.867146,2.0286,0.867146,16,8,3,3,1.55,4.33,5.75
2026-03-14,30128,seriea,Napoli,Lecce,2,1,1.13114,1.22692,1.13114,1.22692,12,12,4,2,1.33,4.75,10.0
2026-03-14,30132,seriea,Udinese,Juventus,0,1,0.741965,3.18734,0.741965,3.18734,10,22,2,8,5.75,4.2,1.55
2026-03-15,30124,seriea,Como,Roma,2,1,2.46908,0.899976,2.46908,0.138677,22,3,7,1,2.1,3.3,3.6
2026-03-15,30127,seriea,Lazio,Milan,1,0,0.538397,1.16179,0.538397,1.16179,7,17,2,3,4.1,3.3,1.95
2026-03-15,30129,seriea,Pisa,Cagliari,3,1,2.94287,1.52334,2.18157,1.52334,10,14,6,4,2.55,3.0,3.1
2026-03-15,30130,seriea,Sassuolo,Bologna,0,1,0.427053,0.731025,0.427053,0.731025,9,16,3,3,2.4,3.3,3.0
2026-03-15,30133,seriea,Verona,Genoa,0,2,0.370821,0.534091,0.370821,0.534091,8,11,1,3,3.25,3.0,2.4
2026-03-16,30125,seriea,Cremonese,Fiorentina,1,4,1.47372,1.14462,1.47372,1.14462,13,13,3,6,3.9,3.6,1.91
2026-03-20,30136,seriea,Cagliari,Napoli,0,1,0.241246,2.27393,0.241246,2.27393,7,17,0,5,5.25,3.4,1.75
2026-03-20,30139,seriea,Genoa,Udinese,0,2,1.30328,0.86584,1.30328,0.86584,18,6,2,4,2.15,3.1,3.75
2026-03-21,30141,seriea,Milan,Torino,3,2,1.44337,2.37211,1.44337,1.61081,15,19,6,7,1.4,4.75,7.5
2026-03-21,30140,seriea,Juventus,Sassuolo,1,1,2.25457,0.845538,1.49327,0.845538,18,7,8,1,1.33,5.25,9.0
2026-03-21,30142,seriea,Parma,Cremonese,0,2,0.287758,0.781807,0.287758,0.781807,8,7,1,4,2.05,3.2,4.0
2026-03-22,30134,seriea,Atalanta,Verona,1,0,1.74248,0.765772,1.74248,0.765772,11,12,3,3,1.38,4.75,8.5
2026-03-22,30135,seriea,Bologna,Lazio,0,2,1.32921,2.14396,0.56791,2.14396,15,9,4,5,2.35,3.0,3.4
2026-03-22,30137,seriea,Como,Pisa,5,0,1.8215,0.309722,1.8215,0.309722,14,7,7,0,1.25,6.0,11.0
2026-03-22,30138,seriea,Fiorentina,Inter,1,1,1.81429,1.40088,1.81429,1.40088,16,12,6,4,5.0,4.33,1.62
2026-03-22,30143,seriea,Roma,Lecce,1,0,1.09359,0.807003,1.09359,0.807003,14,8,2,3,1.53,3.75,8.0
2026-04-04,30147,seriea,Lazio,Parma,1,1,0.269086,0.360563,0.269086,0.360563,7,7,3,4,1.8,3.4,5.0
2026-04-04,30151,seriea,Sassuolo,Cagliari,2,1,0.48336,1.90118,0.48336,1.13988,9,11,2,3,1.95,3.1,4.5
2026-04-04,30153,seriea,Verona,Fiorentina,0,1,0.922577,0.308725,0.922577,0.308725,21,5,8,1,4.2,3.5,1.9
2026-04-05,30144,seriea,Cremonese,Bologna,1,2,1.39638,1.58974,0.635086,1.58974,9,14,3,7,3.6,3.4,2.05
2026-04-05,30145,seriea,Inter,Roma,5,2,2.25441,0.939981,2.25441,0.939981,17,9,9,3,1.67,4.0,5.25
2026-04-05,30150,seriea,Pisa,Torino,0,1,0.309366,1.72611,0.309366,1.72611,7,13,1,2,3.2,3.0,2.45
2026-04-06,30146,seriea,Juventus,Genoa,2,0,2.60276,1.48807,2.60276,0.726768,16,12,5,3,1.38,4.5,9.5
2026-04-06,30148,seriea,Lecce,Atalanta,0,3,0.364274,2.81595,0.364274,2.81595,11,16,0,6,5.0,3.75,1.75
2026-04-06,30149,seriea,Napoli,Milan,1,0,0.872402,0.810602,0.872402,0.810602,10,7,3,1,2.55,3.0,3.0
2026-04-06,30152,seriea,Udinese,Como,0,0,1.06665,0.786392,1.06665,0.786392,14,12,4,4,5.0,3.75,1.7
2026-04-10,30162,seriea,Roma,Pisa,3,0,1.45084,1.06318,1.45084,1.06318,8,9,3,5,1.33,5.0,9.0
2026-04-11,30160,seriea,Milan,Udinese,0,3,1.62737,1.566,1.62737,1.566,20,12,3,6,1.42,4.5,8.0
2026-04-11,30154,seriea,Atalanta,Juventus,0,1,1.8886,1.18681,1.8886,1.18681,22,7,3,2,3.1,3.3,2.35
2026-04-11,30156,seriea,Cagliari,Cremonese,1,0,1.431,0.268819,1.431,0.268819,17,5,5,2,2.15,3.1,3.6
2026-04-11,30163,seriea,Torino,Verona,2,1,1.1485,1.67554,1.1485,1.67554,11,18,2,4,1.9,3.3,4.33
2026-04-12,30155,seriea,Bologna,Lecce,2,0,2.5824,0.53637,2.5824,0.53637,12,6,4,1,1.8,3.4,4.75
2026-04-12,30157,seriea,Como,Inter,3,4,3.2878,0.507465,2.5265,0.507465,24,7,8,5,3.1,3.5,2.25
2026-04-12,30159,seriea,Genoa,Sassuolo,2,1,1.39271,1.39642,1.39271,1.39642,14,15,7,6,2.15,3.3,3.5
2026-04-12,30161,seriea,Parma,Napoli,1,1,0.154689,1.31482,0.154689,1.31482,3,20,2,6,6.0,3.8,1.6
2026-04-13,30158,seriea,Fiorentina,Lazio,1,0,0.421966,1.29355,0.421966,1.29355,8,13,2,6,2.25,3.2,3.4
2026-04-17,30164,seriea,Inter,Cagliari,3,0,2.38524,0.482209,2.38524,0.482209,18,10,5,1,1.25,6.0,12.0
2026-04-17,30170,seriea,Sassuolo,Como,2,1,1.3509,0.588985,1.3509,0.588985,11,12,4,3,5.75,4.33,1.53
2026-04-18,30167,seriea,Napoli,Lazio,0,2,0.516972,3.16463,0.516972,2.27797,12,14,0,7,1.53,3.9,7.0
2026-04-18,30169,seriea,Roma,Atalanta,1,1,1.70941,0.660238,1.70941,0.660238,19,8,9,2,2.45,3.25,2.9
2026-04-18,30171,seriea,Udinese,Parma,0,1,1.35108,1.39599,1.35108,1.39599,16,10,3,1,2.15,3.0,3.9
2026-04-19,30173,seriea,Cremonese,Torino,0,0,0.88749,0.159021,0.88749,0.159021,14,4,4,1,2.88,3.1,2.6
2026-04-19,30165,seriea,Juventus,Bologna,2,0,1.57651,0.852415,1.57651,0.852415,14,7,4,0,1.5,4.5,6.5
2026-04-19,30168,seriea,Pisa,Genoa,1,2,1.00691,2.18534,1.00691,1.42404,12,13,4,5,3.25,3.1,2.35
2026-04-19,30172,seriea,Verona,Milan,0,1,0.709696,0.830747,0.709696,0.830747,13,6,2,3,6.25,3.9,1.57
2026-04-20,30166,seriea,Lecce,Fiorentina,1,1,1.80861,1.26455,1.80861,1.26455,14,5,4,3,3.4,3.4,2.15
2026-04-24,30180,seriea,Napoli,Cremonese,4,0,3.24062,0.473643,2.47932,0.473643,25,7,9,4,1.33,5.25,9.0
2026-04-25,30174,seriea,Bologna,Roma,0,2,0.479083,1.65629,0.479083,1.65629,10,7,2,2,3.1,3.2,2.4
2026-04-25,30181,seriea,Parma,Pisa,1,0,1.31072,1.56392,1.31072,1.56392,15,12,5,3,2.1,3.2,3.8
2026-04-25,30183,seriea,Verona,Lecce,0,0,0.249294,1.20604,0.249294,1.20604,6,12,3,2,2.7,3.0,2.88
2026-04-26,30179,seriea,Milan,Juventus,0,0,0.616342,0.449727,0.616342,0.449727,8,10,1,5,3.1,3.1,2.45
2026-04-26,30176,seriea,Fiorentina,Sassuolo,0,0,2.19011,0.597621,2.19011,0.597621,22,11,5,1,1.91,3.3,4.33
2026-04-26,30177,seriea,Genoa,Como,0,2,0.667154,1.19004,0.667154,1.19004,9,8,1,2,4.5,3.8,1.75
2026-04-26,30182,seriea,Torino,Inter,2,2,2.42774,1.64792,1.66644,1.64792,14,14,2,5,7.5,5.0,1.4
2026-04-27,30175,seriea,Cagliari,Atalanta,3,2,2.00771,1.7579,2.00771,1.7579,9,12,4,6,4.5,3.6,1.8
2026-04-27,30178,seriea,Lazio,Udinese,3,3,1.77483,2.30714,1.77483,2.30714,13,16,5,7,1.95,3.3,4.2
2026-05-01,30190,seriea,Pisa,Lecce,1,2,2.06716,1.35936,2.06716,1.35936,17,7,7,4,3.5,3.0,2.3
2026-05-02,30184,seriea,Atalanta,Genoa,0,0,1.66082,0.438786,1.66082,0.438786,21,7,7,2,1.57,4.1,5.75
2026-05-02,30186,seriea,Como,Napoli,0,0,1.79719,0.847288,1.79719,0.847288,16,8,5,1,2.25,3.3,3.3
2026-05-02,30193,seriea,Udinese,Torino,2,0,2.16904,0.812913,2.16904,0.812913,19,9,8,1,2.3,3.2,3.3
2026-05-03,30185,seriea,Bologna,Cagliari,0,0,0.684487,0.871884,0.684487,0.871884,13,8,4,2,1.8,3.5,4.75
2026-05-03,30188,seriea,Inter,Parma,2,0,2.01571,0.452228,2.01571,0.452228,12,4,5,0,1.22,6.0,13.0
2026-05-03,30189,seriea,Juventus,Verona,1,1,2.68622,0.197193,2.68622,0.197193,29,7,7,3,1.22,6.5,12.0
2026-05-03,30192,seriea,Sassuolo,Milan,2,0,2.23502,0.288558,2.23502,0.288558,13,7,4,1,4.5,4.1,1.73
2026-05-04,30187,seriea,Cremonese,Lazio,1,2,0.55053,0.987521,0.55053,0.987521,13,8,5,3,2.9,3.25,2.5
2026-05-04,30191,seriea,Roma,Fiorentina,4,0,2.84317,0.132194,2.84317,0.132194,14,4,7,1,1.62,4.2,5.0
2026-05-08,30203,seriea,Torino,Sassuolo,2,1,3.06714,2.17042,3.06714,2.17042,18,13,4,7,2.6,3.2,2.8
2026-05-09,30195,seriea,Cagliari,Udinese,0,2,1.56516,2.30592,1.56516,2.30592,22,9,5,6,2.5,3.2,2.9
2026-05-09,30198,seriea,Lazio,Inter,0,3,0.502107,2.18245,0.502107,2.18245,9,14,5,5,4.5,3.7,1.8
2026-05-09,30199,seriea,Lecce,Juventus,0,1,0.607959,1.95698,0.607959,1.95698,8,15,3,6,6.25,4.5,1.45
2026-05-10,30200,seriea,Milan,Atalanta,2,3,2.28396,1.60752,1.52266,1.60752,20,9,9,5,2.1,3.3,3.5
2026-05-10,30196,seriea,Cremonese,Pisa,3,0,1.26744,0.0,1.26744,0.0,10,0,6,0,1.7,3.75,5.0
2026-05-10,30197,seriea,Fiorentina,Genoa,0,0,0.675179,0.52874,0.675179,0.52874,13,9,1,3,2.1,3.4,3.6
2026-05-10,30202,seriea,Parma,Roma,2,3,0.636151,3.02085,0.636151,2.25955,11,15,3,7,6.25,4.1,1.53
2026-05-10,30194,seriea,Verona,Como,0,1,1.29052,1.06072,1.29052,1.06072,11,11,3,4,8.0,4.75,1.38
2026-05-11,30201,seriea,Napoli,Bologna,2,3,1.22739,1.12339,1.22739,0.36209,14,10,5,4,1.53,4.2,6.0
2026-05-17,30204,seriea,Atalanta,Bologna,0,1,0.871381,1.06559,0.871381,1.06559,10,10,1,5,1.62,4.2,4.75
2026-05-17,30205,seriea,Cagliari,Torino,2,1,1.75883,1.33301,1.75883,1.33301,13,10,4,3,2.3,3.1,3.2
2026-05-17,30206,seriea,Como,Parma,1,0,2.72094,0.483046,2.72094,0.483046,23,2,7,2,1.25,5.25,12.0
2026-05-17,30207,seriea,Genoa,Milan,1,2,1.66881,1.55422,1.66881,0.792916,11,8,2,6,4.5,3.7,1.7
2026-05-17,30208,seriea,Inter,Verona,1,1,2.84143,0.911763,2.84143,0.911763,17,14,6,5,1.2,8.0,9.0
2026-05-17,30209,seriea,Juventus,Fiorentina,0,2,1.96289,0.513716,1.96289,0.513716,26,10,9,4,1.33,5.0,8.5
2026-05-17,30210,seriea,Pisa,Napoli,0,3,0.721322,1.42016,0.721322,1.42016,4,10,2,5,9.0,4.5,1.36
2026-05-17,30211,seriea,Roma,Lazio,2,0,1.31805,0.766648,1.31805,0.766648,16,6,7,2,1.53,4.0,5.75
2026-05-17,30212,seriea,Sassuolo,Lecce,2,3,3.04719,1.29547,3.04719,1.29547,15,11,6,6,2.7,3.2,2.63
2026-05-17,30213,seriea,Udinese,Cremonese,0,1,0.270585,0.671214,0.270585,0.671214,10,7,2,4,2.3,3.3,3.0
2026-05-22,30216,seriea,Fiorentina,Atalanta,1,1,1.14732,1.58663,1.14732,1.58663,11,21,4,6,2.7,3.5,2.55
2026-05-23,30214,seriea,Bologna,Inter,3,3,1.59682,1.18652,1.59682,1.18652,11,11,3,5,3.1,3.6,2.2
2026-05-23,30217,seriea,Lazio,Pisa,2,1,1.02094,1.16758,1.02094,1.16758,15,8,9,2,1.55,4.2,6.0
2026-05-24,30219,seriea,Milan,Cagliari,1,2,1.75953,3.43624,1.75953,3.43624,16,25,3,10,1.29,5.5,11.0
2026-05-24,30215,seriea,Cremonese,Como,1,4,0.977192,2.6911,0.215893,1.9298,6,15,1,6,5.25,4.33,1.57
2026-05-24,30218,seriea,Lecce,Genoa,1,0,2.21387,0.782331,2.21387,0.782331,9,8,4,1,1.75,3.5,5.0
2026-05-24,30220,seriea,Napoli,Udinese,1,0,1.55853,0.517372,1.55853,0.517372,14,10,6,3,1.48,4.0,8.0
2026-05-24,30221,seriea,Parma,Sassuolo,1,0,1.51292,1.06783,1.51292,1.06783,16,6,3,1,2.7,3.4,2.63
2026-05-24,30222,seriea,Torino,Juventus,2,2,0.950066,2.53427,0.950066,2.53427,12,17,5,4,7.5,4.5,1.42
2026-05-24,30223,seriea,Verona,Roma,0,2,0.597669,3.55506,0.597669,2.79377,8,19,3,7,10.0,5.5,1.3
